,loss,dice_coef,jacard,recall,precision,accuracy
0,1.4199732542037964,0.3425753116607666,0.20754745602607727,0.25546565651893616,0.308201402425766,0.5506579279899597
1,1.3106262683868408,0.38138461112976074,0.23613226413726807,0.3222772479057312,0.40606018900871277,0.6082239747047424
2,1.2151299715042114,0.4174822270870209,0.26430195569992065,0.3984326720237732,0.4970173239707947,0.6574321985244751
3,1.1289327144622803,0.45279064774513245,0.2929919958114624,0.4810466468334198,0.5741164684295654,0.7014080286026001
4,1.0401825904846191,0.4906601905822754,0.32568973302841187,0.5743736028671265,0.6413027048110962,0.7453577518463135
5,0.9541817903518677,0.5296720862388611,0.3607834577560425,0.662696123123169,0.6951649785041809,0.785925030708313
6,0.8769314885139465,0.565109372138977,0.39479824900627136,0.737724781036377,0.7343666553497314,0.8196020722389221
7,0.79581218957901,0.6034016609191895,0.4329926371574402,0.7985104918479919,0.7709318995475769,0.8504130244255066
8,0.7314953804016113,0.6343843340873718,0.4653197228908539,0.8326517343521118,0.7966420650482178,0.8704784512519836
9,0.665090799331665,0.6663889288902283,0.5002483129501343,0.8614462614059448,0.8218048810958862,0.88907790184021
10,0.6250241994857788,0.6850605010986328,0.5234541893005371,0.8740657567977905,0.8329264521598816,0.8972892761230469
11,0.5695189237594604,0.7133793830871582,0.5548081994056702,0.8867259621620178,0.857001781463623,0.9109362363815308
12,0.5562117099761963,0.7193868160247803,0.5645386576652527,0.8899185061454773,0.8559903502464294,0.9114247560501099
13,0.5060700178146362,0.7444546818733215,0.5938748121261597,0.9017846584320068,0.8759727478027344,0.9229831695556641
14,0.4885183274745941,0.7536419034004211,0.6060750484466553,0.9038344621658325,0.8783899545669556,0.9245511293411255
15,0.4614616334438324,0.7673097848892212,0.6232362985610962,0.9111750721931458,0.8849286437034607,0.9293205142021179
16,0.47242751717567444,0.763773500919342,0.6191717982292175,0.8941747546195984,0.8844702243804932,0.9240996241569519
17,0.4356832504272461,0.7812886238098145,0.6420029997825623,0.9089350700378418,0.8926795125007629,0.9316967129707336
18,0.4091210961341858,0.7943419814109802,0.6597652435302734,0.9188830852508545,0.8985582590103149,0.9369766116142273
19,0.4070347845554352,0.7959588170051575,0.6645971536636353,0.9189647436141968,0.8969994783401489,0.9363954067230225
20,0.3879631459712982,0.8072212338447571,0.6775743365287781,0.9190871119499207,0.9033769369125366,0.9388984441757202
21,0.36879733204841614,0.8156894445419312,0.6893800497055054,0.9271289110183716,0.909047544002533,0.9435296654701233
22,0.3583250641822815,0.8208041191101074,0.6968985795974731,0.9282231330871582,0.9109836220741272,0.9446052312850952
23,0.34870991110801697,0.8256789445877075,0.7039632201194763,0.9289578795433044,0.9155910015106201,0.9465807676315308
24,0.35146036744117737,0.825056254863739,0.7044768333435059,0.9256922602653503,0.9136922955513,0.9448537230491638
25,0.3311046063899994,0.8351629972457886,0.7178782224655151,0.9301886558532715,0.9205286502838135,0.9488195776939392
26,0.3087410032749176,0.8456624150276184,0.7328006625175476,0.9377937316894531,0.9270039796829224,0.9536148309707642
27,0.3121570646762848,0.8448845148086548,0.7319966554641724,0.9357193112373352,0.9240561127662659,0.9518653750419617
28,0.30434489250183105,0.8486118316650391,0.7386229634284973,0.9391811490058899,0.9263198971748352,0.9537954926490784
29,0.30034106969833374,0.8507713079452515,0.7417397499084473,0.9388652443885803,0.9263954758644104,0.9537245631217957
30,0.3006821572780609,0.8519442677497864,0.7429022789001465,0.9359848499298096,0.9245604276657104,0.9521368741989136
31,0.28457456827163696,0.8589080572128296,0.7535206079483032,0.9441295862197876,0.9304510354995728,0.9568912386894226
32,0.28927209973335266,0.8567124605178833,0.7512809038162231,0.9410444498062134,0.9290315508842468,0.9553911685943604
33,0.2691571116447449,0.8663434982299805,0.7647450566291809,0.9479438662528992,0.9325544834136963,0.9588779211044312
34,0.29662615060806274,0.8551348447799683,0.7493900060653687,0.9385426640510559,0.9205342531204224,0.9514240026473999
35,0.28620076179504395,0.8612726926803589,0.756827712059021,0.9325722455978394,0.9305232763290405,0.9532719850540161
36,0.2817423641681671,0.8612216711044312,0.7579643130302429,0.93974769115448,0.9307255744934082,0.9556105136871338
37,0.27210095524787903,0.866541862487793,0.7655442953109741,0.9395466446876526,0.935502827167511,0.9573046565055847
38,0.2801184058189392,0.8609217405319214,0.7589597702026367,0.9389849901199341,0.9315106272697449,0.9556597471237183
39,0.2950940430164337,0.8576366305351257,0.753781795501709,0.9339070916175842,0.9247002601623535,0.9515383243560791
40,0.23643243312835693,0.8823917508125305,0.7898939251899719,0.9544445872306824,0.9429755210876465,0.9647902250289917
41,0.24004657566547394,0.8811481595039368,0.7884500026702881,0.9530601501464844,0.941846489906311,0.9639337062835693
42,0.24633440375328064,0.8781039118766785,0.78385329246521,0.949840784072876,0.9405414462089539,0.9624267816543579
43,0.23954720795154572,0.8819186091423035,0.7894895672798157,0.9516921639442444,0.9419266581535339,0.9635254144668579
44,0.2377309501171112,0.8829144239425659,0.7908920645713806,0.95097416639328,0.9431988596916199,0.9637600183486938
45,0.23653502762317657,0.8838378190994263,0.7922986745834351,0.9511435031890869,0.9418467283248901,0.9633206725120544
46,0.2454385757446289,0.8803132176399231,0.787229061126709,0.9488561749458313,0.9382584095001221,0.9612753391265869
47,0.2438819706439972,0.8800809979438782,0.7876163721084595,0.9489214420318604,0.9377813339233398,0.9611207246780396
48,0.23026880621910095,0.887179970741272,0.7978068590164185,0.9520900845527649,0.9448281526565552,0.9647110104560852
49,0.22226056456565857,0.8906328082084656,0.8037902116775513,0.955346405506134,0.9471051096916199,0.9665851593017578
50,0.2428007870912552,0.8813140988349915,0.7890115976333618,0.9452980756759644,0.9420754313468933,0.9615338444709778
51,0.2325253188610077,0.8872731924057007,0.7977462410926819,0.9494890570640564,0.9439197182655334,0.9635462164878845
52,0.20918571949005127,0.895712673664093,0.8117882013320923,0.960874080657959,0.9480955600738525,0.968725860118866
53,0.254952609539032,0.8754936456680298,0.7826195955276489,0.9471774697303772,0.9312995672225952,0.9581689238548279
54,0.22546923160552979,0.8893850445747375,0.8022872805595398,0.9521956443786621,0.9458798766136169,0.9651269316673279
55,0.20130066573619843,0.8993094563484192,0.8173507452011108,0.9611832499504089,0.953469455242157,0.9707735776901245
56,0.2167082577943802,0.8926928639411926,0.807144820690155,0.9566298127174377,0.9485355615615845,0.967517614364624
57,0.1989818811416626,0.8999031782150269,0.8189916610717773,0.9617710709571838,0.9534658789634705,0.9709628820419312
58,0.20514658093452454,0.8988213539123535,0.816489577293396,0.9591051340103149,0.950432538986206,0.9690037965774536
59,0.19531472027301788,0.903091549873352,0.8234943151473999,0.9633669853210449,0.9520843029022217,0.9709805846214294
60,0.1901826411485672,0.9050666093826294,0.8267667889595032,0.9648312330245972,0.9544312953948975,0.9723042845726013
61,0.20930328965187073,0.8955524563789368,0.8140360116958618,0.9602643251419067,0.9494540095329285,0.9690234065055847
62,0.24375572800636292,0.8829471468925476,0.7939736843109131,0.9481586813926697,0.935553789138794,0.9600571990013123
63,0.1929122507572174,0.9038263559341431,0.8248695135116577,0.9637850522994995,0.9542847275733948,0.9719117283821106
64,0.21326689422130585,0.8946393132209778,0.8109491467475891,0.9568513035774231,0.9481654763221741,0.9674547910690308
65,0.20187978446483612,0.900945782661438,0.820218563079834,0.9591819643974304,0.9519064426422119,0.9695613980293274
66,0.17945259809494019,0.9095474481582642,0.8343842625617981,0.9669671654701233,0.9590585827827454,0.9746643304824829
67,0.2013739049434662,0.9004539251327515,0.8197871446609497,0.9572153091430664,0.9543464779853821,0.9698013067245483
68,0.21719226241111755,0.8921297192573547,0.8083708882331848,0.9556074738502502,0.9471821784973145,0.9666971564292908
69,0.18279621005058289,0.9083793759346008,0.832521915435791,0.9656487703323364,0.9571387767791748,0.9735454320907593
70,0.21408125758171082,0.8949387669563293,0.8113816380500793,0.9566723108291626,0.9461938142776489,0.9666802883148193
71,0.18607479333877563,0.906063437461853,0.8294714093208313,0.9671558737754822,0.9545751810073853,0.973111093044281
72,0.18851833045482635,0.9060167074203491,0.8288730382919312,0.9627679586410522,0.9571644067764282,0.97261643409729
73,0.181910902261734,0.909116268157959,0.8337496519088745,0.9648207426071167,0.95795738697052,0.9735695123672485
74,0.1907258778810501,0.9055842161178589,0.827798068523407,0.9588597416877747,0.9564778208732605,0.9710984826087952
75,0.17730678617954254,0.9109360575675964,0.8370026350021362,0.9671010375022888,0.9585159420967102,0.9745133519172668
76,0.1811107099056244,0.9097843170166016,0.8350240588188171,0.9647085070610046,0.9575420618057251,0.9733839631080627
77,0.18797606229782104,0.9069803357124329,0.8303718566894531,0.9633840918540955,0.9553073048591614,0.9721500277519226
78,0.19352494180202484,0.9045516848564148,0.8275696635246277,0.9643765687942505,0.9494460225105286,0.9703478217124939
79,0.16171696782112122,0.9182502627372742,0.8489143252372742,0.971095860004425,0.9630160331726074,0.9774304628372192
80,0.17644192278385162,0.9115130305290222,0.8383129835128784,0.9677608013153076,0.9582785964012146,0.974643349647522
81,0.1679127961397171,0.914973258972168,0.8437790870666504,0.9680976271629333,0.9635158181190491,0.9766253232955933
82,0.19065727293491364,0.905957818031311,0.8291412591934204,0.9600513577461243,0.9556743502616882,0.9711984992027283
83,0.19727081060409546,0.9007908701896667,0.8234044909477234,0.9655510187149048,0.9492690563201904,0.9706622958183289
84,0.17321112751960754,0.9128026962280273,0.8403425216674805,0.9668209552764893,0.9608125686645508,0.9752439856529236
85,0.16691754758358002,0.9155157208442688,0.8450345993041992,0.9700407385826111,0.9622814655303955,0.9768224358558655
86,0.19207808375358582,0.9052708745002747,0.828412652015686,0.961067259311676,0.954285740852356,0.9710299372673035
87,0.1701112687587738,0.9148622751235962,0.84369957447052,0.9675262570381165,0.9600449204444885,0.9752001166343689
88,0.16045954823493958,0.9187217950820923,0.8502524495124817,0.9726018905639648,0.9632561206817627,0.9780100584030151
89,0.16427211463451385,0.9174429774284363,0.8480358123779297,0.9705334305763245,0.9622685313224792,0.9769791960716248
90,0.16283360123634338,0.9175354242324829,0.848223865032196,0.9702544212341309,0.9636974930763245,0.9773975610733032
91,0.19060096144676208,0.9067848324775696,0.8308369517326355,0.9556194543838501,0.9589760899543762,0.970931351184845
92,0.18456120789051056,0.908693790435791,0.8340455889701843,0.9639323949813843,0.956092119216919,0.972610592842102
93,0.16063269972801208,0.9183921813964844,0.8499354124069214,0.9727790355682373,0.9625515937805176,0.9778161644935608
94,0.16788187623023987,0.9156271815299988,0.8456379771232605,0.9691929817199707,0.9616941809654236,0.9763349890708923
95,0.1586766093969345,0.9189546704292297,0.850794792175293,0.9743492007255554,0.9630500674247742,0.978509247303009
96,0.16230808198451996,0.9177542924880981,0.8489664196968079,0.9708627462387085,0.9630683660507202,0.9773727655410767
97,0.16665953397750854,0.9160344004631042,0.8460418581962585,0.9691348075866699,0.9615699052810669,0.9762715697288513
98,0.16238197684288025,0.918663501739502,0.8500588536262512,0.9686746001243591,0.9645082354545593,0.9771672487258911
99,0.15148766338825226,0.9228011965751648,0.8575621843338013,0.9747877717018127,0.9652221202850342,0.9794296026229858
100,0.18368002772331238,0.9101430773735046,0.8368279337882996,0.9602057337760925,0.9569745659828186,0.9717141389846802
101,0.1625635325908661,0.919300377368927,0.8510391116142273,0.9679771661758423,0.9625241756439209,0.9762328863143921
102,0.15808209776878357,0.9201143383979797,0.8524516820907593,0.9701425433158875,0.9660326838493347,0.9781904816627502
103,0.16298817098140717,0.917679488658905,0.8489378690719604,0.9705147743225098,0.9619967937469482,0.9768759608268738
104,0.18009626865386963,0.9085334539413452,0.8381797075271606,0.9674900770187378,0.9560548067092896,0.973754346370697
105,0.1421646773815155,0.926898181438446,0.864313006401062,0.9774958491325378,0.9685145020484924,0.981493353843689
106,0.15694420039653778,0.9204538464546204,0.8532173037528992,0.9727510213851929,0.964038074016571,0.9783382415771484
107,0.17025944590568542,0.9158798456192017,0.8457345962524414,0.9667930006980896,0.9595115780830383,0.9747697114944458
108,0.14156417548656464,0.9277017712593079,0.8656109571456909,0.9771214127540588,0.9679285287857056,0.9811616539955139
109,0.13696952164173126,0.9295392036437988,0.8685358762741089,0.977144181728363,0.9710334539413452,0.9822696447372437
110,0.1356714516878128,0.9304828643798828,0.8701263666152954,0.9779176712036133,0.9703524708747864,0.9822845458984375
111,0.1554797738790512,0.922758936882019,0.8567444086074829,0.9683825373649597,0.9673942923545837,0.9780925512313843
112,0.15281760692596436,0.9221343994140625,0.8565688133239746,0.9729498624801636,0.9668628573417664,0.9794088006019592
113,0.15619556605815887,0.9201782941818237,0.8541282415390015,0.9744879603385925,0.9629617929458618,0.9785231351852417
114,0.13861288130283356,0.9290504455566406,0.8677536845207214,0.9769378900527954,0.9697258472442627,0.9817389249801636
115,0.13395372033119202,0.9313710331916809,0.8717180490493774,0.9784942865371704,0.970425009727478,0.9825008511543274
116,0.14789731800556183,0.9248061180114746,0.8610855937004089,0.9734589457511902,0.9670823812484741,0.9796543121337891
117,0.1298956274986267,0.9330231547355652,0.8747650980949402,0.9801088571548462,0.97137451171875,0.9833710789680481
118,0.14699086546897888,0.9245182275772095,0.860734760761261,0.9746240377426147,0.9674569964408875,0.9801710844039917
119,0.17301711440086365,0.9137934446334839,0.8431495428085327,0.9637119770050049,0.9627141356468201,0.9749027490615845
120,0.14113828539848328,0.9280851483345032,0.8663461804389954,0.9745789170265198,0.9698588252067566,0.9810067415237427
121,0.14403030276298523,0.9268125295639038,0.8640855550765991,0.974258542060852,0.9689024090766907,0.9805628657341003
122,0.1453939527273178,0.9258419871330261,0.8636333346366882,0.9777207374572754,0.9650218486785889,0.9803218841552734
123,0.1411527842283249,0.9286842346191406,0.8672184944152832,0.9761696457862854,0.9676417112350464,0.9807459712028503
124,0.13987138867378235,0.9292580485343933,0.8681154251098633,0.97396320104599,0.970039963722229,0.9808672666549683
125,0.1417187750339508,0.927625298500061,0.865636944770813,0.9738225936889648,0.9700595140457153,0.9808276891708374
126,0.13046391308307648,0.9330989718437195,0.8747981786727905,0.9783678650856018,0.9716948866844177,0.9829082489013672
127,0.13755367696285248,0.9298502206802368,0.8695225715637207,0.9785308241844177,0.9677961468696594,0.981579065322876
128,0.14173777401447296,0.9284791946411133,0.8669741749763489,0.9762088060379028,0.9670655727386475,0.980553925037384
129,0.13628637790679932,0.9304085969924927,0.8703852891921997,0.9756478667259216,0.9712520837783813,0.9818518161773682
130,0.13968467712402344,0.9287698864936829,0.8676592111587524,0.9750096797943115,0.9703563451766968,0.9813247919082642
131,0.13452103734016418,0.9315485954284668,0.8722410202026367,0.9766895174980164,0.9706579446792603,0.9819866418838501
132,0.1387084275484085,0.9293588399887085,0.868686318397522,0.9756049513816833,0.9705938696861267,0.9816054105758667
133,0.13874927163124084,0.9297825694084167,0.869105339050293,0.9753073453903198,0.9696616530418396,0.9811776280403137
134,0.12600794434547424,0.934920608997345,0.8783397674560547,0.9794315099716187,0.973410427570343,0.9838659763336182
135,0.1210135668516159,0.9378281831741333,0.8830928802490234,0.9809454083442688,0.9735923409461975,0.9844322204589844
136,0.156865656375885,0.9204700589179993,0.8551095724105835,0.9710286855697632,0.9651361703872681,0.9781636595726013
137,0.1460064947605133,0.924930214881897,0.8626202344894409,0.9779251217842102,0.9653582572937012,0.9805094599723816
138,0.1239863857626915,0.9360650181770325,0.8801445960998535,0.9805373549461365,0.9731124639511108,0.9841275811195374
139,0.12778820097446442,0.9340998530387878,0.8768251538276672,0.9792935252189636,0.9730694890022278,0.9837000370025635
140,0.1347343623638153,0.9307690858840942,0.8717390894889832,0.978567361831665,0.9700479507446289,0.982391357421875
141,0.1352396309375763,0.9297669529914856,0.8707411885261536,0.9789866209030151,0.9710515737533569,0.982885479927063
142,0.1310078203678131,0.9325959086418152,0.8745530247688293,0.977920651435852,0.9720248579978943,0.982876718044281
143,0.13730253279209137,0.9305778741836548,0.871020495891571,0.9756038188934326,0.9696634411811829,0.9812762141227722
144,0.12758620083332062,0.9339302182197571,0.8769952058792114,0.9806119799613953,0.9719694256782532,0.9837482571601868
145,0.14244791865348816,0.9261213541030884,0.8650264739990234,0.9767275452613831,0.969130277633667,0.9814584255218506
146,0.15197482705116272,0.9232873916625977,0.8586105108261108,0.9697360396385193,0.9676169157028198,0.9786170721054077
147,0.1335378736257553,0.9322719573974609,0.8734678030014038,0.9748616218566895,0.9729406237602234,0.9821856021881104
148,0.1483464241027832,0.9257060885429382,0.8623586893081665,0.9713218808174133,0.9684867262840271,0.979447066783905
149,0.1376509666442871,0.9296013116836548,0.869805634021759,0.9790798425674438,0.967333972454071,0.9815952181816101
150,0.127037912607193,0.9346511960029602,0.8778594136238098,0.9802173972129822,0.9713018536567688,0.9833812713623047
151,0.12625247240066528,0.935464084148407,0.8790552020072937,0.9788500666618347,0.9726493954658508,0.9834049344062805
152,0.1289452612400055,0.9339388608932495,0.8765264749526978,0.9775906205177307,0.9736871123313904,0.983352780342102
153,0.12328813225030899,0.9360325932502747,0.8805370330810547,0.9797463417053223,0.9746246337890625,0.9843978881835938
154,0.11900653690099716,0.9387456774711609,0.8848055005073547,0.9815775752067566,0.9740391373634338,0.9847995638847351
155,0.12995027005672455,0.933432936668396,0.8757985234260559,0.9803333878517151,0.9698271751403809,0.9828964471817017
156,0.13476549088954926,0.931878924369812,0.8729039430618286,0.9747956395149231,0.9717281460762024,0.981737494468689
157,0.13337624073028564,0.9326956868171692,0.8745461702346802,0.9755079746246338,0.9717709422111511,0.9819883704185486
158,0.14326322078704834,0.9270340800285339,0.8662804365158081,0.9746147394180298,0.9683899283409119,0.9804989099502563
159,0.12461730092763901,0.9359742403030396,0.8802056312561035,0.9788541793823242,0.9738372564315796,0.9838247895240784
160,0.11921634525060654,0.938500702381134,0.8845099210739136,0.9822048544883728,0.9732212424278259,0.9847188591957092
161,0.12409450113773346,0.9355328679084778,0.8807917833328247,0.9820974469184875,0.9711746573448181,0.9839581847190857
162,0.12970036268234253,0.9341610074043274,0.876940131187439,0.9762430787086487,0.9729167222976685,0.9826351404190063
163,0.11704222112894058,0.93937748670578,0.8860639333724976,0.9819949269294739,0.9748581051826477,0.9852268099784851
164,0.12476781755685806,0.9352304339408875,0.8791688084602356,0.9793617725372314,0.9746261239051819,0.9842707514762878
165,0.1131116971373558,0.9410120844841003,0.8891359567642212,0.9835520386695862,0.9759009480476379,0.986111581325531
166,0.12211839854717255,0.9365073442459106,0.8814448118209839,0.9814250469207764,0.9735058546066284,0.9845607876777649
167,0.1180768609046936,0.9395025372505188,0.8860855102539062,0.9798835515975952,0.9759393930435181,0.9849052429199219
168,0.13438022136688232,0.931352972984314,0.8726004362106323,0.9772616624832153,0.9709004759788513,0.9822615385055542
169,0.13077278435230255,0.9332388043403625,0.8758756518363953,0.9772657752037048,0.972061812877655,0.9826728701591492
170,0.1260833442211151,0.9355368614196777,0.8793743848800659,0.9778282046318054,0.9746811985969543,0.9837808012962341
171,0.10878012329339981,0.9435017704963684,0.8932250738143921,0.9836971163749695,0.9771752953529358,0.9866079688072205
172,0.11296460777521133,0.9415310621261597,0.8899132013320923,0.9835180640220642,0.9752234220504761,0.985861599445343
173,0.12154145538806915,0.9379943609237671,0.8836854100227356,0.9790604710578918,0.9748581051826477,0.9842521548271179
174,0.11346034705638885,0.9413379430770874,0.8898214101791382,0.9833812117576599,0.9747409224510193,0.9856459498405457
175,0.11705245822668076,0.9388132095336914,0.885707676410675,0.9825498461723328,0.9749422669410706,0.9854408502578735
176,0.11439069360494614,0.9401451945304871,0.887985348701477,0.9830190539360046,0.975609302520752,0.9858316779136658
177,0.11379911750555038,0.9410438537597656,0.8892425298690796,0.9814761281013489,0.9768527746200562,0.9857553839683533
178,0.11322034895420074,0.9408078193664551,0.88929682970047,0.9822862148284912,0.9773843884468079,0.9862115383148193
179,0.1171143651008606,0.9402189254760742,0.8875452876091003,0.9802535176277161,0.9749834537506104,0.9846925139427185
180,0.1332193911075592,0.9322267770767212,0.8740445375442505,0.976859986782074,0.9711401462554932,0.9822133183479309
181,0.11597676575183868,0.9414049386978149,0.8895038366317749,0.9786878824234009,0.9765760898590088,0.9847305417060852
182,0.10914812237024307,0.9431478381156921,0.8929451107978821,0.9836090803146362,0.977157711982727,0.9865725040435791
183,0.11655876785516739,0.9392825961112976,0.8862798810005188,0.9825614094734192,0.9752821922302246,0.9855644106864929
184,0.12469494342803955,0.935887336730957,0.8808078765869141,0.978181004524231,0.9748842716217041,0.9839692711830139
185,0.1117485985159874,0.9429901242256165,0.8923707008361816,0.9816409349441528,0.9767634272575378,0.9857789278030396
186,0.12439428269863129,0.9362369775772095,0.8814234733581543,0.9800018072128296,0.9723005890846252,0.9836633205413818
187,0.11923229694366455,0.9380158185958862,0.8849313855171204,0.981624186038971,0.9742299914360046,0.9848823547363281
188,0.10621769726276398,0.944689929485321,0.8955833315849304,0.984093189239502,0.9779473543167114,0.9870109558105469
189,0.11364372819662094,0.9415239095687866,0.8900020718574524,0.980294942855835,0.9771316647529602,0.9854599237442017
190,0.14166629314422607,0.9263785481452942,0.865027904510498,0.9745304584503174,0.9726901054382324,0.9819878935813904
191,0.10490981489419937,0.945830225944519,0.8973671793937683,0.9852086901664734,0.9767304062843323,0.9869547486305237
192,0.09901496022939682,0.9478979110717773,0.9012384414672852,0.98573237657547,0.980320394039154,0.9883890748023987
193,0.0966089591383934,0.9493606686592102,0.9037054181098938,0.9859490394592285,0.9806151986122131,0.9885645508766174
194,0.10014919191598892,0.9475682377815247,0.900571346282959,0.9847540855407715,0.9802845120429993,0.9880496859550476
195,0.10490143299102783,0.9453582763671875,0.8968048095703125,0.9843583703041077,0.9785950183868408,0.987326443195343
196,0.11196380853652954,0.9424433708190918,0.8914275169372559,0.9813951849937439,0.9774329662322998,0.9859317541122437
197,0.11409515142440796,0.9413367509841919,0.8897262811660767,0.9807577729225159,0.9765459895133972,0.9854087829589844
198,0.11750848591327667,0.9388464689254761,0.8869303464889526,0.9828497171401978,0.9734522700309753,0.9850143194198608
199,0.11725516617298126,0.9405648112297058,0.8885113000869751,0.9789507985115051,0.9760491251945496,0.9846335053443909
200,0.09726907312870026,0.9492912292480469,0.9036283493041992,0.986208975315094,0.9795453548431396,0.9882768988609314
201,0.11682696640491486,0.9385595321655273,0.8859618902206421,0.9817245006561279,0.976310670375824,0.9856478571891785
202,0.11030354350805283,0.9424096941947937,0.8918927907943726,0.9838384389877319,0.9769989848136902,0.9865931272506714
203,0.10165997594594955,0.9472019076347351,0.9000073671340942,0.9852079749107361,0.9779594540596008,0.9873867034912109
204,0.10336439311504364,0.9466967582702637,0.8990586996078491,0.9850685000419617,0.9771275520324707,0.9870478510856628
205,0.1173432245850563,0.9387933611869812,0.8864629864692688,0.9821071624755859,0.9750598073005676,0.9853351712226868
206,0.11787354946136475,0.9390355944633484,0.8862768411636353,0.979047417640686,0.9769759178161621,0.9849900603294373
207,0.09879808872938156,0.9485899806022644,0.9024167060852051,0.983574390411377,0.9811238050460815,0.9879482388496399
208,0.11290068924427032,0.9421828389167786,0.891339123249054,0.9813560247421265,0.9764853119850159,0.9855865240097046
209,0.1026286706328392,0.9466663599014282,0.8990979194641113,0.985808789730072,0.9772722125053406,0.987345278263092
210,0.10342367738485336,0.9460158348083496,0.898179829120636,0.985061764717102,0.9783627390861511,0.9874795079231262
211,0.10228140652179718,0.9466953277587891,0.8991285562515259,0.9841726422309875,0.9795747995376587,0.9876074194908142
212,0.10040779411792755,0.9476820230484009,0.9010937809944153,0.9854276180267334,0.9788156747817993,0.9877604246139526
213,0.09121209383010864,0.9523064494132996,0.9090099334716797,0.9865785837173462,0.9816820025444031,0.9891477227210999
214,0.11369208246469498,0.9407150149345398,0.8890175819396973,0.9817357063293457,0.9775516986846924,0.9860867857933044
215,0.10033255815505981,0.9478766322135925,0.9012690782546997,0.9849759936332703,0.9790136814117432,0.9876791834831238
216,0.10928341001272202,0.9427257776260376,0.8930202722549438,0.9848600029945374,0.9762565493583679,0.9866718053817749
217,0.09926550835371017,0.9478548169136047,0.901764988899231,0.9858434796333313,0.9795498847961426,0.9881564974784851
218,0.11104806512594223,0.9429510235786438,0.8924871683120728,0.9785334467887878,0.981044590473175,0.9862352013587952
219,0.10676763206720352,0.9442037343978882,0.8951818346977234,0.9825233817100525,0.97945636510849,0.9870155453681946
220,0.09358124434947968,0.9514309763908386,0.9075093269348145,0.9870869517326355,0.9796748161315918,0.9886153936386108
221,0.10589532554149628,0.9463890790939331,0.8984553217887878,0.9820202589035034,0.977962851524353,0.9863255620002747
222,0.09223297238349915,0.9516333341598511,0.9079230427742004,0.9864100217819214,0.981813371181488,0.9891371130943298
223,0.10514181852340698,0.9453709721565247,0.8972810506820679,0.9836180210113525,0.9781864881515503,0.9869364500045776
224,0.11060589551925659,0.9425767660140991,0.8923048973083496,0.9829056859016418,0.9767980575561523,0.9862120151519775
225,0.09765701740980148,0.9488688707351685,0.9033228754997253,0.9856909513473511,0.9802687168121338,0.9883571863174438
226,0.09621859341859818,0.9492487907409668,0.9041164517402649,0.9859665632247925,0.9811243414878845,0.98874831199646
227,0.09588770568370819,0.950236976146698,0.9055843353271484,0.9852721095085144,0.9802520871162415,0.988211452960968
228,0.09276222437620163,0.9517882466316223,0.9081913828849792,0.9853743314743042,0.981481671333313,0.9886749386787415
229,0.10286929458379745,0.9471510648727417,0.9000792503356934,0.9826856255531311,0.9790811538696289,0.9869385957717896
230,0.0923469290137291,0.9517838358879089,0.9082444906234741,0.9871615171432495,0.9803759455680847,0.9888859987258911
231,0.09560560435056686,0.9499949216842651,0.9049776196479797,0.9866364002227783,0.980048656463623,0.9885959625244141
232,0.10803785175085068,0.9441391825675964,0.895279049873352,0.980732798576355,0.9799254536628723,0.9865812659263611
233,0.09862767904996872,0.9483497738838196,0.9021660089492798,0.9846004247665405,0.9814075827598572,0.9883902072906494
234,0.09019778668880463,0.9527909159660339,0.910119891166687,0.9879813194274902,0.9806928038597107,0.9892709255218506
235,0.09550480544567108,0.9499933123588562,0.905181884765625,0.9853776693344116,0.9812018275260925,0.9885784387588501
236,0.09456175565719604,0.9503674507141113,0.9059405326843262,0.9858740568161011,0.9812558889389038,0.9887632727622986
237,0.09910561144351959,0.9483709335327148,0.902252197265625,0.9860482811927795,0.978539228439331,0.9878703951835632
238,0.11155545711517334,0.942689061164856,0.893078625202179,0.9811949133872986,0.9770708680152893,0.985738217830658
239,0.09007250517606735,0.9530472755432129,0.9104281663894653,0.9856439828872681,0.9826691150665283,0.9891788363456726
240,0.11301156133413315,0.940671443939209,0.890257716178894,0.983882486820221,0.9750582575798035,0.9859244227409363
241,0.09591284394264221,0.9503691792488098,0.9055949449539185,0.9857218861579895,0.9800562858581543,0.9882932305335999
242,0.09245370328426361,0.9515484571456909,0.9079686999320984,0.9852821826934814,0.9826829433441162,0.989062488079071
243,0.08803531527519226,0.9537137746810913,0.9117504358291626,0.9862000346183777,0.98403400182724,0.9898396730422974
244,0.09800010919570923,0.9490577578544617,0.9034771919250488,0.9849267601966858,0.9801274538040161,0.988052487373352
245,0.08586029708385468,0.9551067352294922,0.9141875505447388,0.9879145622253418,0.9823765754699707,0.9898372888565063
246,0.08691643178462982,0.9546427726745605,0.9133501052856445,0.9873629212379456,0.9823348522186279,0.9896380305290222
247,0.08769245445728302,0.9541966319084167,0.9125866889953613,0.9874088168144226,0.9818845987319946,0.9894962310791016
248,0.10967333614826202,0.9436513781547546,0.8941224813461304,0.9812489748001099,0.9788755774497986,0.9863874912261963
249,0.09864391386508942,0.9485613107681274,0.9026201963424683,0.9823133945465088,0.9828596115112305,0.9881294369697571
250,0.08975894749164581,0.9533736109733582,0.9111862182617188,0.988439679145813,0.9798082113265991,0.9891138672828674
251,0.10419002920389175,0.947403073310852,0.9004675149917603,0.9805895686149597,0.9799090623855591,0.9865277409553528
252,0.08435522019863129,0.9552990198135376,0.9146865606307983,0.987427830696106,0.9845160245895386,0.9904190301895142
253,0.08696340024471283,0.9540657997131348,0.9127918481826782,0.9886850714683533,0.9819257855415344,0.9899377226829529
254,0.11468151956796646,0.939387321472168,0.8889503479003906,0.9844814538955688,0.9741852879524231,0.9858149290084839
255,0.08929230272769928,0.9530096054077148,0.9105609655380249,0.9862761497497559,0.9832949638366699,0.9896084070205688
256,0.09065968543291092,0.9523393511772156,0.9094246625900269,0.986655056476593,0.9821626543998718,0.9893409609794617
257,0.08479753136634827,0.9553554654121399,0.9147485494613647,0.9885956048965454,0.9826692938804626,0.990167498588562
258,0.10075010359287262,0.9474097490310669,0.9011284112930298,0.9837552905082703,0.9803804159164429,0.987749457359314
259,0.09363222867250443,0.9512258768081665,0.9074674844741821,0.9854865670204163,0.9816098809242249,0.9887571930885315
260,0.09331703931093216,0.9511945843696594,0.9075230360031128,0.9871686100959778,0.9799125790596008,0.988726019859314
261,0.08753110468387604,0.9539610743522644,0.9123126268386841,0.9869105219841003,0.9833848476409912,0.989852249622345
262,0.0990963876247406,0.9475502967834473,0.9016572833061218,0.9855130314826965,0.9803241491317749,0.9883171319961548
263,0.10560417175292969,0.9463879466056824,0.8986923098564148,0.9808484315872192,0.9799289107322693,0.986621081829071
264,0.0994795635342598,0.9487639665603638,0.9030317068099976,0.9828866720199585,0.9814590811729431,0.9878349304199219
265,0.09302137792110443,0.9517320394515991,0.9081535339355469,0.9854903221130371,0.981401801109314,0.9886858463287354
266,0.08772563934326172,0.953652024269104,0.9118095636367798,0.9877310395240784,0.9827502965927124,0.9899061918258667
267,0.08585435152053833,0.9550646543502808,0.9143013954162598,0.9871693849563599,0.9828687310218811,0.9897593259811401
268,0.08753764629364014,0.953650176525116,0.9119660258293152,0.9868288636207581,0.983742892742157,0.9899494051933289
269,0.08186221867799759,0.957131564617157,0.9179692268371582,0.9881987571716309,0.9835495948791504,0.9903414249420166
270,0.07964640855789185,0.9579830169677734,0.9195606112480164,0.9888991713523865,0.98430335521698,0.9908387660980225
271,0.08977874368429184,0.9538876414299011,0.9121420979499817,0.9858905076980591,0.9815724492073059,0.9888792634010315
272,0.0844046026468277,0.9554069638252258,0.9150694012641907,0.9881234169006348,0.9834592938423157,0.9902847409248352
273,0.07923798263072968,0.9579983949661255,0.9196544885635376,0.9891605973243713,0.9844634532928467,0.990982174873352
274,0.08645440638065338,0.9550058245658875,0.9140833020210266,0.9866244792938232,0.9830734729766846,0.9896480441093445
275,0.08892254531383514,0.9532550573348999,0.9112424850463867,0.9860803484916687,0.9833678007125854,0.9895680546760559
276,0.08982543647289276,0.9529253840446472,0.9105237126350403,0.9856652021408081,0.983417272567749,0.9894461035728455
277,0.09885071218013763,0.948347270488739,0.9028690457344055,0.9863194227218628,0.9789692163467407,0.9881117343902588
278,0.0819576233625412,0.9565993547439575,0.9172361493110657,0.9887697696685791,0.9839586615562439,0.9906753301620483
279,0.08727782219648361,0.9543482661247253,0.9130692481994629,0.9859759211540222,0.983616292476654,0.9896194338798523
280,0.09163713455200195,0.952215850353241,0.9092405438423157,0.9862970113754272,0.9815675616264343,0.9890135526657104
281,0.07884102314710617,0.9584624171257019,0.9204233884811401,0.9882017374038696,0.9853616952896118,0.9909723997116089
282,0.09127072989940643,0.9522444605827332,0.9099704027175903,0.9861411452293396,0.9815118312835693,0.9889419674873352
283,0.0757497176527977,0.9602571725845337,0.9236031770706177,0.9899654388427734,0.9842484593391418,0.9911773800849915
284,0.0909629613161087,0.9517287015914917,0.9090404510498047,0.9873133301734924,0.9816222190856934,0.9893726110458374
285,0.08370442688465118,0.9559248089790344,0.9159391522407532,0.98701012134552,0.9846212863922119,0.9903153777122498
286,0.0831046923995018,0.956677258014679,0.9171942472457886,0.9872838854789734,0.9835904836654663,0.9900490045547485
287,0.08340919017791748,0.9554335474967957,0.915369987487793,0.9888540506362915,0.9838697910308838,0.9906727075576782
288,0.08068976551294327,0.9572063684463501,0.9184261560440063,0.9880629777908325,0.9850009679794312,0.9908006191253662
289,0.08287429809570312,0.9567484855651855,0.9174350500106812,0.9879932403564453,0.9831756949424744,0.990142285823822
290,0.0830971822142601,0.9558117985725403,0.9162019491195679,0.9884586930274963,0.9837502837181091,0.9904984831809998
291,0.08871124684810638,0.9539621472358704,0.9122275114059448,0.984468400478363,0.9840686917304993,0.9892709255218506
292,0.08828552067279816,0.9534701108932495,0.9121283292770386,0.9879984855651855,0.9818326234817505,0.9896754026412964
293,0.09046918153762817,0.9520184397697449,0.9095422625541687,0.9865733981132507,0.9829586744308472,0.9895909428596497
294,0.10218805074691772,0.946419894695282,0.8993315696716309,0.9830026626586914,0.9818583130836487,0.9880125522613525
295,0.08969645202159882,0.9522663950920105,0.9100866317749023,0.9880115389823914,0.981819748878479,0.9896752834320068
296,0.08398781716823578,0.9558572769165039,0.9157260060310364,0.9867938160896301,0.984764575958252,0.990292489528656
297,0.0775882750749588,0.9593411684036255,0.9219894409179688,0.9876870512962341,0.9856420755386353,0.9908967614173889
298,0.08278140425682068,0.9569860696792603,0.9176695942878723,0.9882524609565735,0.9829801917076111,0.9901610016822815
299,0.08706706017255783,0.9543534517288208,0.913209080696106,0.9861560463905334,0.9838070273399353,0.98974609375
300,0.09036962687969208,0.9525171518325806,0.9099816083908081,0.986351490020752,0.9827440977096558,0.9894419312477112
301,0.10732247680425644,0.9441024661064148,0.8960009813308716,0.9848215579986572,0.9762246012687683,0.9866477847099304
302,0.09343312680721283,0.9510725140571594,0.9075924158096313,0.9846832156181335,0.9827190637588501,0.9888744354248047
303,0.08103575557470322,0.9571693539619446,0.9181548953056335,0.9871454834938049,0.9858475923538208,0.9907859563827515
304,0.08219541609287262,0.9567452669143677,0.9173763990402222,0.9889838099479675,0.9830621480941772,0.9904346466064453
305,0.07265651971101761,0.9616950750350952,0.926310658454895,0.9889606833457947,0.9865726828575134,0.9916473627090454
306,0.08702415972948074,0.9542229771614075,0.9131625890731812,0.9881521463394165,0.9813826084136963,0.9895694851875305
307,0.09652352333068848,0.9473538398742676,0.9037168622016907,0.9881412982940674,0.9795182347297668,0.9889124631881714
308,0.07635398209095001,0.9594396352767944,0.9224238395690918,0.9878768920898438,0.9868154525756836,0.9913668036460876
309,0.08154036104679108,0.9566779136657715,0.9174702763557434,0.9887977242469788,0.9840956926345825,0.9907324314117432
310,0.07617633044719696,0.9602512121200562,0.9237023591995239,0.9879992008209229,0.985348105430603,0.9908996820449829
311,0.07525848597288132,0.9604560732841492,0.9241036176681519,0.9888939261436462,0.9851868748664856,0.9911441802978516
312,0.07566440105438232,0.9600328207015991,0.9233947992324829,0.9899542927742004,0.9843921065330505,0.9912236332893372
313,0.08634401857852936,0.9547119140625,0.91387540102005,0.9871634244918823,0.9835771918296814,0.9900039434432983
314,0.07468439638614655,0.9607999920845032,0.9247606992721558,0.9884109497070312,0.9859765768051147,0.9912559390068054
315,0.08406846225261688,0.9552512168884277,0.9154683947563171,0.9884154200553894,0.9833560585975647,0.9903466701507568
316,0.07252977788448334,0.9620620608329773,0.9270294308662415,0.9887164235115051,0.986140787601471,0.9914155602455139
317,0.07282070070505142,0.9613481760025024,0.9258526563644409,0.9906312227249146,0.9854175448417664,0.9918078184127808
318,0.08013343811035156,0.9574302434921265,0.9188359975814819,0.9881864190101624,0.9851943850517273,0.990909218788147
319,0.0725746676325798,0.9618261456489563,0.9265998005867004,0.9887362122535706,0.9864621162414551,0.9915335178375244
320,0.08921627700328827,0.9526516199111938,0.9108186960220337,0.987737774848938,0.9822423458099365,0.9897311925888062
321,0.0763135552406311,0.9599645733833313,0.9232827425003052,0.9891539216041565,0.9847027659416199,0.9910631775856018
322,0.10170254856348038,0.947313666343689,0.9010106921195984,0.9817580580711365,0.9815230369567871,0.9874796271324158
323,0.07763911783695221,0.9588682055473328,0.9212837219238281,0.9881920218467712,0.9858047962188721,0.991122841835022
324,0.07501496374607086,0.9606069326400757,0.9244805574417114,0.9893765449523926,0.9847891330718994,0.9911679625511169
325,0.08256670087575912,0.9566494822502136,0.9173868894577026,0.9878019094467163,0.983983039855957,0.9903592467308044
326,0.07084255665540695,0.9627830386161804,0.9283949136734009,0.9895078539848328,0.9861106276512146,0.9916711449623108
327,0.07040852308273315,0.9626239538192749,0.9281437993049622,0.9904958009719849,0.986246645450592,0.9920504093170166
328,0.07618919014930725,0.9595675468444824,0.9227590560913086,0.9885810613632202,0.9859716296195984,0.9913113713264465
329,0.07919235527515411,0.9577136039733887,0.9195200800895691,0.9888727068901062,0.9852700233459473,0.9911659359931946
330,0.07381803542375565,0.9609473347663879,0.9251553416252136,0.9893866181373596,0.9857150912284851,0.9914931058883667
331,0.07081177830696106,0.9627994298934937,0.9283863306045532,0.9891285300254822,0.986670732498169,0.9917377233505249
332,0.07092676311731339,0.9630178213119507,0.9287277460098267,0.9884885549545288,0.9868841171264648,0.9915963411331177
333,0.0828387439250946,0.9563472867012024,0.9170166850090027,0.9870817065238953,0.9848008155822754,0.9904016852378845
334,0.07056493312120438,0.9627655744552612,0.9283890724182129,0.9912316799163818,0.9850763082504272,0.9918907284736633
335,0.07664526998996735,0.9592964053153992,0.9223505854606628,0.9892415404319763,0.9848909378051758,0.9911580681800842
336,0.07474390417337418,0.9601699709892273,0.9238570928573608,0.9884016513824463,0.9871439933776855,0.991657018661499
337,0.07151401787996292,0.9616785049438477,0.9269417524337769,0.9908154606819153,0.9858601093292236,0.9920235872268677
338,0.07803405821323395,0.9580502510070801,0.9203091859817505,0.989147961139679,0.9858846068382263,0.9914717078208923
339,0.07400061935186386,0.960791289806366,0.9250651597976685,0.9895462393760681,0.9859572649002075,0.9916307926177979
340,0.080172598361969,0.9570436477661133,0.9185024499893188,0.9886242747306824,0.9852019548416138,0.991058886051178
341,0.06562656909227371,0.9654596447944641,0.9332883954048157,0.9906013607978821,0.98713618516922,0.9923945069313049
342,0.07291062921285629,0.9614537954330444,0.9260817766189575,0.9879354238510132,0.987592875957489,0.9916552305221558
343,0.0756935402750969,0.9597808122634888,0.9231659173965454,0.9898188710212708,0.9852301478385925,0.9914698004722595
344,0.0685877576470375,0.9641076922416687,0.9307740926742554,0.9903939962387085,0.9860514998435974,0.9919484257698059
345,0.073298379778862,0.9610344767570496,0.9253414273262024,0.9894034266471863,0.9866310954093933,0.9918164610862732
346,0.07479224354028702,0.9602916836738586,0.9240097999572754,0.9904600381851196,0.9848471283912659,0.9915518164634705
347,0.0716525986790657,0.9621744155883789,0.9273239970207214,0.9884512424468994,0.9876003861427307,0.9918314814567566
348,0.07396801561117172,0.9607208371162415,0.9248368144035339,0.9893649816513062,0.985885500907898,0.9915449619293213
349,0.07400603592395782,0.9610857963562012,0.9255057573318481,0.9890886545181274,0.9855830073356628,0.9913471341133118
350,0.0794735848903656,0.9576237797737122,0.9193875193595886,0.9869276881217957,0.9871397614479065,0.9911595582962036
351,0.06746732443571091,0.9644970893859863,0.9315662384033203,0.9919593334197998,0.9851039052009583,0.9921446442604065
352,0.07603412866592407,0.9594975709915161,0.9226253628730774,0.9885880947113037,0.9865162968635559,0.9915025234222412
353,0.06452514231204987,0.9657581448554993,0.9339020848274231,0.991282045841217,0.9875285625457764,0.9927595853805542
354,0.07024778425693512,0.9627760648727417,0.9285749197006226,0.9895082116127014,0.9868823885917664,0.9919387698173523
355,0.06700746715068817,0.9647509455680847,0.9320223927497864,0.9902332425117493,0.9868922829627991,0.9921861290931702
356,0.08609592914581299,0.9539878964424133,0.9135533571243286,0.9890741109848022,0.9821767807006836,0.9901556372642517
357,0.06967350095510483,0.9632829427719116,0.9294165372848511,0.9886903166770935,0.9876662492752075,0.9919347167015076
358,0.06337752193212509,0.9665961265563965,0.9353995323181152,0.9910537600517273,0.9877287149429321,0.9927520751953125
359,0.0687432512640953,0.9634051322937012,0.9297394752502441,0.9912156462669373,0.9861451983451843,0.9922571778297424
360,0.0660051554441452,0.9654186964035034,0.9332360029220581,0.9893041849136353,0.9880582690238953,0.9922769069671631
361,0.07137708365917206,0.9622000455856323,0.9274698495864868,0.9887190461158752,0.9873653650283813,0.9918403625488281
362,0.07673861086368561,0.9591807126998901,0.9221347570419312,0.9898039698600769,0.9847232699394226,0.9912884831428528
363,0.06710836291313171,0.9645018577575684,0.9316363334655762,0.9884165525436401,0.9890565872192383,0.9923221468925476
364,0.07644005119800568,0.9587712287902832,0.9217633008956909,0.9892885684967041,0.9862821698188782,0.9916568994522095
365,0.06451769173145294,0.9661597013473511,0.9346164464950562,0.9914259910583496,0.9865942597389221,0.992483913898468
366,0.0683334618806839,0.9638983011245728,0.9304863214492798,0.9895108342170715,0.9878466129302979,0.9922733306884766
367,0.07577650249004364,0.9606746435165405,0.9245292544364929,0.9889510273933411,0.9848214387893677,0.9910363554954529
368,0.07885824143886566,0.9568582773208618,0.9190395474433899,0.9891002178192139,0.9854179620742798,0.991293728351593
369,0.07817135006189346,0.9578836560249329,0.9202477335929871,0.9895824193954468,0.9851242303848267,0.9913536310195923
370,0.06819145381450653,0.9639421701431274,0.9305612444877625,0.9905521273612976,0.9867134690284729,0.9922313690185547
371,0.0707642212510109,0.9626167416572571,0.9282159805297852,0.9868609309196472,0.9892151355743408,0.9918521642684937
372,0.06703045219182968,0.964666485786438,0.9319452047348022,0.9913744926452637,0.9858690500259399,0.992214560508728
373,0.08315812051296234,0.9544923901557922,0.9159750938415527,0.9891620874404907,0.9832794666290283,0.9905701875686646
374,0.0811268538236618,0.9557061195373535,0.9169225692749023,0.990068793296814,0.984438419342041,0.9912782311439514
375,0.06352673470973969,0.9664471745491028,0.9351499676704407,0.9895052313804626,0.989170253276825,0.9927284121513367
376,0.069008007645607,0.9637486338615417,0.9302247166633606,0.9903041124343872,0.9861491322517395,0.991952121257782
377,0.0690368115901947,0.9635515213012695,0.9298410415649414,0.9895022511482239,0.9874130487442017,0.9921205043792725
378,0.06624700874090195,0.9652247428894043,0.9329496622085571,0.9893493056297302,0.9879421591758728,0.992251992225647
379,0.06355534493923187,0.9666321873664856,0.935508131980896,0.9909635186195374,0.9872215390205383,0.9925459623336792
380,0.06330401450395584,0.9664016962051392,0.9351353645324707,0.9914073348045349,0.9877135753631592,0.9928658604621887
381,0.076569102704525,0.9593731164932251,0.9224433898925781,0.9884348511695862,0.9860811233520508,0.9913002252578735
382,0.06772973388433456,0.964035153388977,0.9309746623039246,0.9901713132858276,0.9873300194740295,0.9923169612884521
383,0.07692192494869232,0.9579871296882629,0.921713650226593,0.9901317954063416,0.984730064868927,0.9914008975028992
384,0.06641498953104019,0.9644249677658081,0.9317035675048828,0.9903995990753174,0.9882603287696838,0.9927157163619995
385,0.07069172710180283,0.9627487063407898,0.928399384021759,0.9882752299308777,0.9878095388412476,0.9918444156646729
386,0.06141171604394913,0.9678195118904114,0.9377268552780151,0.9915651082992554,0.9870613217353821,0.9926928281784058
387,0.06912936270236969,0.9632209539413452,0.929427444934845,0.9904480576515198,0.9866853356361389,0.9921866059303284
388,0.06521087139844894,0.9655357599258423,0.9335858225822449,0.9910053014755249,0.9868960976600647,0.9924471378326416
389,0.06813839077949524,0.9635275602340698,0.930202841758728,0.9889110922813416,0.9890487194061279,0.9924861788749695
390,0.06737492233514786,0.9649197459220886,0.9324730634689331,0.990962028503418,0.9852052927017212,0.9918450713157654
391,0.0728633925318718,0.9610632061958313,0.9256998300552368,0.9875471591949463,0.988517165184021,0.9918432831764221
392,0.06642721593379974,0.9652730822563171,0.9330097436904907,0.9908680319786072,0.9861781597137451,0.9921517968177795
393,0.0645521804690361,0.9654238820075989,0.9336525797843933,0.991557240486145,0.9873830676078796,0.9928017854690552
394,0.06302718073129654,0.9666095972061157,0.9355744123458862,0.9896942973136902,0.9891771078109741,0.9927945733070374
395,0.06050574779510498,0.9677270650863647,0.9376422762870789,0.9916456341743469,0.988694965839386,0.9932858943939209
396,0.06469778716564178,0.9660264849662781,0.9345768094062805,0.9919794797897339,0.9859086275100708,0.992431640625
397,0.06784822791814804,0.9635591506958008,0.9301066398620605,0.9889036417007446,0.9894630908966064,0.992626428604126
398,0.06096171215176582,0.9678813219070435,0.937859058380127,0.9918268918991089,0.9875353574752808,0.9929453730583191
399,0.0670677125453949,0.9637097120285034,0.930557906627655,0.990515947341919,0.9882819056510925,0.9927623867988586
400,0.06120728328824043,0.9676863551139832,0.9375128746032715,0.9908109903335571,0.9886322021484375,0.9929828643798828
401,0.06382399052381516,0.9665487408638,0.9354356527328491,0.9916307330131531,0.9864762425422668,0.9925117492675781
402,0.0687989890575409,0.9638462066650391,0.9304487109184265,0.9883095026016235,0.9883766174316406,0.9920517206192017
403,0.06806997954845428,0.9637457132339478,0.9305151104927063,0.9908437728881836,0.9864820837974548,0.9922491908073425
404,0.07926736772060394,0.9566764831542969,0.9193620681762695,0.9882722496986389,0.9860582947731018,0.9912376403808594
405,0.062021203339099884,0.967230498790741,0.9367043375968933,0.9908989667892456,0.9882140159606934,0.9928678870201111
406,0.06162922456860542,0.9674439430236816,0.93707275390625,0.9922394156455994,0.9869528412818909,0.9928820133209229
407,0.0590132400393486,0.9690996408462524,0.940090537071228,0.989285945892334,0.9903145432472229,0.9930484890937805
408,0.0644310712814331,0.965906023979187,0.9342430830001831,0.991072416305542,0.9874125719070435,0.9926488399505615
409,0.07133422046899796,0.9631147384643555,0.9291590452194214,0.987946629524231,0.9869914054870605,0.9914511442184448
410,0.06006575748324394,0.9682825803756714,0.9386497735977173,0.9919578433036804,0.9876700639724731,0.993036150932312
411,0.06228850409388542,0.9676197171211243,0.9373576045036316,0.9897230267524719,0.988618016242981,0.992611289024353
412,0.06225352734327316,0.9667491912841797,0.936019241809845,0.9916579723358154,0.9878289699554443,0.992990255355835
413,0.06296072155237198,0.9666213989257812,0.9356731176376343,0.9903533458709717,0.9886137247085571,0.9928222894668579
414,0.062306106090545654,0.9670535326004028,0.936465859413147,0.991281270980835,0.9877439737319946,0.9928339719772339
415,0.08873652666807175,0.9553874731063843,0.9152933359146118,0.9804821610450745,0.9863619208335876,0.988723635673523
416,0.062485165894031525,0.9669038653373718,0.9361318349838257,0.9912599921226501,0.9875341653823853,0.9927541017532349
417,0.07158152759075165,0.9615087509155273,0.9264640808105469,0.9900870323181152,0.9871876239776611,0.992239236831665
418,0.05913851410150528,0.9686840176582336,0.9394820928573608,0.9911585450172424,0.9889105558395386,0.9931962490081787
419,0.06415630877017975,0.9661156535148621,0.9346619844436646,0.9904070496559143,0.987708330154419,0.9925272464752197
420,0.062443990260362625,0.9664632678031921,0.9355721473693848,0.9916616678237915,0.987786054611206,0.9929766058921814
421,0.06815122067928314,0.9624689221382141,0.9284272193908691,0.9915520548820496,0.9879866242408752,0.9930092096328735
422,0.05937783047556877,0.9685617685317993,0.9392121434211731,0.9907736778259277,0.9892646670341492,0.993188738822937
423,0.06648379564285278,0.9653089642524719,0.9333444833755493,0.9902507662773132,0.986176609992981,0.9919437170028687
424,0.06332691013813019,0.9660695791244507,0.9348209500312805,0.9897603392601013,0.9894957542419434,0.9929266571998596
425,0.0687815397977829,0.9630721211433411,0.9294841885566711,0.9898006319999695,0.9878972172737122,0.9923884272575378
426,0.06455711275339127,0.9661592245101929,0.9347106218338013,0.991210401058197,0.986855149269104,0.992501974105835
427,0.06118589639663696,0.9671066999435425,0.9366663098335266,0.9913394451141357,0.9889453053474426,0.9932692050933838
428,0.06572918593883514,0.9645379781723022,0.9320138692855835,0.9898644089698792,0.9890904426574707,0.992821991443634
429,0.06142789125442505,0.9677982330322266,0.9377264976501465,0.9907412528991699,0.9885081648826599,0.992916464805603
430,0.05880846828222275,0.9687515497207642,0.9395224452018738,0.992263674736023,0.9882134795188904,0.9933274388313293
431,0.06425834447145462,0.9653414487838745,0.9333992004394531,0.9908396601676941,0.9885832071304321,0.9929755926132202
432,0.0609726719558239,0.9677456021308899,0.9377188682556152,0.9924184083938599,0.9868640303611755,0.9929113984107971
433,0.06563343852758408,0.965215802192688,0.9331010580062866,0.9884918928146362,0.9897813200950623,0.9925970435142517
434,0.05909609794616699,0.9682704210281372,0.9388175010681152,0.9925705790519714,0.9883642792701721,0.9934831261634827
435,0.06818939000368118,0.9631823301315308,0.9298389554023743,0.9903272390365601,0.9877216815948486,0.9925050139427185
436,0.065031036734581,0.9654805064201355,0.9334663152694702,0.9895384311676025,0.9891798496246338,0.9927428960800171
437,0.05904838442802429,0.9685983657836914,0.9393779635429382,0.9922677874565125,0.9879350066184998,0.9932323694229126
438,0.05798526853322983,0.9690675735473633,0.9403032064437866,0.9912115335464478,0.9895201325416565,0.9934245944023132
439,0.05674170330166817,0.970213770866394,0.9422459602355957,0.9914073348045349,0.9890615940093994,0.9933322668075562
440,0.06835590302944183,0.9651215672492981,0.9327496290206909,0.9874468445777893,0.9878274202346802,0.9915716648101807
441,0.06384112685918808,0.9656652212142944,0.9339205026626587,0.9917194843292236,0.9877573847770691,0.9929861426353455
442,0.05860314518213272,0.9693689346313477,0.9406735301017761,0.990589439868927,0.9888994693756104,0.9930005669593811
443,0.059180330485105515,0.9686044454574585,0.9392491579055786,0.9919112324714661,0.9884146451950073,0.9932783842086792
444,0.05609007552266121,0.9705270528793335,0.9428442716598511,0.9920641183853149,0.9885038137435913,0.9933607578277588
445,0.05670993775129318,0.9698423147201538,0.9415599703788757,0.9918955564498901,0.9894599318504333,0.9936345219612122
446,0.05526149272918701,0.9706697463989258,0.9431430101394653,0.9911272525787354,0.9903954863548279,0.993698000907898
447,0.06245921179652214,0.966389000415802,0.9354987144470215,0.9920238256454468,0.9875495433807373,0.9930165410041809
448,0.05489368364214897,0.9709749221801758,0.9436653852462769,0.9915591478347778,0.9900581240653992,0.9937275052070618
449,0.057969965040683746,0.9692980051040649,0.9405919909477234,0.9915241003036499,0.9889826774597168,0.9933443665504456
450,0.0545307882130146,0.9711017608642578,0.9439151883125305,0.9918291568756104,0.9898691773414612,0.9937534332275391
451,0.05446173995733261,0.9713826179504395,0.9444389343261719,0.9921629428863525,0.9891029596328735,0.993601381778717
452,0.0615825429558754,0.9670578241348267,0.9364792704582214,0.9912387728691101,0.9889545440673828,0.9932384490966797
453,0.057135820388793945,0.9697936177253723,0.9414948225021362,0.9911518692970276,0.9895195364952087,0.9934042692184448
454,0.05590655282139778,0.970705509185791,0.9432356953620911,0.9920260906219482,0.9883593916893005,0.9932979345321655
455,0.0583062469959259,0.9688008427619934,0.9397430419921875,0.9912570118904114,0.9897118806838989,0.993506133556366
456,0.05937599018216133,0.9686673283576965,0.9393993616104126,0.9906659126281738,0.9893113970756531,0.9931685328483582
457,0.05804939940571785,0.9691856503486633,0.9404224157333374,0.9914960861206055,0.9890106916427612,0.9933446049690247
458,0.05799354240298271,0.9693784713745117,0.9407243728637695,0.9915065169334412,0.9888824224472046,0.9933038353919983
459,0.06177843362092972,0.9669106602668762,0.9364725947380066,0.9910877346992493,0.9886835217475891,0.9930938482284546
460,0.05768236517906189,0.9692886471748352,0.9406043291091919,0.9918224215507507,0.9890908002853394,0.9934823513031006
461,0.05747843533754349,0.9698843955993652,0.9416341781616211,0.9914170503616333,0.9888942837715149,0.9932777285575867
462,0.07086850702762604,0.9613505601882935,0.9271075129508972,0.9909030795097351,0.9859784245491028,0.9920941591262817
463,0.05860459804534912,0.9681990742683411,0.9387997388839722,0.991936206817627,0.989672064781189,0.9937215447425842
464,0.05489339306950569,0.9707654118537903,0.943315327167511,0.9917333126068115,0.990101158618927,0.9938011169433594
465,0.059524692595005035,0.9686498641967773,0.9393724203109741,0.9902832508087158,0.9896528124809265,0.9931572079658508
466,0.05563085526227951,0.9706645011901855,0.9431478381156921,0.9917478561401367,0.9892261028289795,0.9935039281845093
467,0.0572383888065815,0.9694358706474304,0.9409372210502625,0.9918932914733887,0.9890136122703552,0.9934795498847961
468,0.05158057063817978,0.9727904200553894,0.9471189379692078,0.9927518367767334,0.9895939826965332,0.993969738483429
469,0.056819312274456024,0.9693650007247925,0.9407871961593628,0.991938054561615,0.9898802042007446,0.9937940239906311
470,0.05794941261410713,0.9689288139343262,0.9400294423103333,0.9913562536239624,0.9901372194290161,0.993686318397522
471,0.053388118743896484,0.9720551371574402,0.9456908106803894,0.9916829466819763,0.9897383451461792,0.9936589598655701
472,0.05571246147155762,0.9701072573661804,0.9422151446342468,0.9924005270004272,0.9896348714828491,0.9938653111457825
473,0.05157005041837692,0.9729264974594116,0.9473509788513184,0.9924284815788269,0.9895567893981934,0.9938477873802185
474,0.054967351257801056,0.9709442853927612,0.943641185760498,0.9918821454048157,0.9898008108139038,0.9937477111816406
475,0.055258553475141525,0.9705044627189636,0.942954421043396,0.9914155602455139,0.9903038144111633,0.9937637448310852
476,0.058380067348480225,0.9690917730331421,0.9403578042984009,0.9917646050453186,0.9885786771774292,0.9932857751846313
477,0.05629553645849228,0.9705597758293152,0.9428837895393372,0.9906491041183472,0.9901369214057922,0.993447482585907
478,0.052795566618442535,0.9723386764526367,0.9462420344352722,0.9925534725189209,0.9889068603515625,0.9936651587486267
479,0.050503116101026535,0.9733600616455078,0.9481613039970398,0.9919820427894592,0.9907032251358032,0.9940927028656006
480,0.05267851799726486,0.9721288681030273,0.9458662271499634,0.9922316074371338,0.9899575710296631,0.9939197301864624
481,0.06146283820271492,0.9678758382797241,0.9379539489746094,0.9905748963356018,0.9885404706001282,0.9928715825080872
482,0.054035305976867676,0.9713902473449707,0.9444980621337891,0.9908288717269897,0.9908447861671448,0.9937518835067749
483,0.05434953048825264,0.9714104533195496,0.9446584582328796,0.9927589297294617,0.9882879257202148,0.9935200810432434
484,0.055984944105148315,0.9701331257820129,0.9421879053115845,0.9908232688903809,0.9909559488296509,0.9937883019447327
485,0.055388133972883224,0.9708415865898132,0.9434932470321655,0.9921532869338989,0.9887892603874207,0.9934895634651184
486,0.05795878916978836,0.9689027667045593,0.9399973154067993,0.9914823174476624,0.989753246307373,0.9935963749885559
487,0.05965045839548111,0.9686323404312134,0.9393419027328491,0.9910425543785095,0.9890477061271667,0.9932044744491577
488,0.053863175213336945,0.971185028553009,0.9442306756973267,0.9915322661399841,0.9907282590866089,0.9939493536949158
489,0.04981965571641922,0.9738982319831848,0.9491796493530273,0.9925568103790283,0.9899435043334961,0.9940246343612671
490,0.05634986609220505,0.970129132270813,0.9421294927597046,0.9913886785507202,0.9899605512619019,0.9936363101005554
491,0.05660395696759224,0.969610333442688,0.9413517713546753,0.9917899966239929,0.9898425936698914,0.9937310814857483
492,0.053945232182741165,0.9714457392692566,0.9446310997009277,0.9922569394111633,0.9895119667053223,0.9937744140625
493,0.05632207542657852,0.9697367548942566,0.9415774345397949,0.9917929768562317,0.989950954914093,0.9937694668769836
494,0.05547645688056946,0.9708094596862793,0.9433973431587219,0.9914882779121399,0.9894773960113525,0.993503212928772
495,0.04979098215699196,0.9738794565200806,0.9491344690322876,0.9930506348609924,0.9895934462547302,0.994070291519165
496,0.054761964827775955,0.9708027839660645,0.9434789419174194,0.9914506077766418,0.9906676411628723,0.9939009547233582
497,0.052867669612169266,0.971997857093811,0.9456588625907898,0.9917250871658325,0.9905263185501099,0.9939449429512024
498,0.051417481154203415,0.9729074239730835,0.9473752975463867,0.9930099248886108,0.9891253709793091,0.9938946962356567
499,0.053126879036426544,0.9714140892028809,0.9447221755981445,0.9923621416091919,0.9904073476791382,0.9941189885139465
