,loss,dice_coef,jacard,recall_1,precision_1,accuracy
0,0.7438421845436096,0.4393748342990875,0.28223925828933716,0.66756671667099,0.37698566913604736,0.5242968201637268
1,0.697246253490448,0.46207189559936523,0.3018708825111389,0.724432647228241,0.42023929953575134,0.5775361657142639
2,0.6547180414199829,0.48734745383262634,0.3232778310775757,0.7721417546272278,0.46051979064941406,0.6247864961624146
3,0.6120495796203613,0.513534426689148,0.346271276473999,0.8150009512901306,0.501224160194397,0.669972836971283
4,0.5653322339057922,0.5418515801429749,0.3726671040058136,0.8530059456825256,0.544219434261322,0.714584469795227
5,0.5278290510177612,0.5636690855026245,0.39419683814048767,0.8716292977333069,0.5777959227561951,0.7464262843132019
6,0.48696333169937134,0.5877062678337097,0.4185546934604645,0.8867002129554749,0.6166738271713257,0.779828667640686
7,0.447209894657135,0.6140661239624023,0.44419002532958984,0.8952227234840393,0.6566852331161499,0.8102051019668579
8,0.415947824716568,0.6324706077575684,0.4646218717098236,0.9007710814476013,0.6913385391235352,0.8338644504547119
9,0.38817939162254333,0.648734450340271,0.48267897963523865,0.896965742111206,0.7243599891662598,0.852764368057251
10,0.35399821400642395,0.672261118888855,0.5078756213188171,0.9070282578468323,0.7677903771400452,0.8782990574836731
11,0.3283516764640808,0.6910581588745117,0.5288420915603638,0.9088395833969116,0.7990942597389221,0.8940824866294861
12,0.31431055068969727,0.6997259855270386,0.5393191576004028,0.902040958404541,0.8186059594154358,0.9013113379478455
13,0.2938443720340729,0.7166503667831421,0.5592778921127319,0.9065132737159729,0.8389986157417297,0.9113834500312805
14,0.28487592935562134,0.7221871018409729,0.5670278072357178,0.9017730951309204,0.8529745936393738,0.9159495234489441
15,0.2647268772125244,0.7380909323692322,0.5862478017807007,0.9092279672622681,0.869518518447876,0.9247140288352966
16,0.2526478171348572,0.7472473382949829,0.5978006720542908,0.9063501358032227,0.8844603896141052,0.9297383427619934
17,0.2557498812675476,0.7458609342575073,0.5964004397392273,0.8919773101806641,0.8820984959602356,0.9247033596038818
18,0.22828605771064758,0.7675213813781738,0.6235741376876831,0.9101877212524414,0.9077526926994324,0.9395932555198669
19,0.22922880947589874,0.7669690251350403,0.6249091029167175,0.90932697057724,0.8945844769477844,0.934451162815094
20,0.21697747707366943,0.7787060737609863,0.6385964751243591,0.9114575982093811,0.9080696702003479,0.9400873780250549
21,0.20663964748382568,0.7888426780700684,0.6519530415534973,0.9163197875022888,0.9175257682800293,0.9449812769889832
22,0.20039042830467224,0.7933634519577026,0.6585925817489624,0.9175286293029785,0.9182319641113281,0.9456006288528442
23,0.19653582572937012,0.7977057695388794,0.6646502614021301,0.9187827110290527,0.9187037348747253,0.946149468421936
24,0.18972578644752502,0.8035299181938171,0.672457754611969,0.9196811318397522,0.9272501468658447,0.949478030204773
25,0.18459750711917877,0.8094022870063782,0.6807300448417664,0.9266543388366699,0.9227238297462463,0.9499829411506653
26,0.18016734719276428,0.8129057884216309,0.6856637001037598,0.9227246642112732,0.9304509162902832,0.9515416622161865
27,0.17672136425971985,0.8176349401473999,0.6923483610153198,0.9244964718818665,0.9312418699264526,0.9523645043373108
28,0.17159879207611084,0.8208886384963989,0.6972406506538391,0.92574143409729,0.9316009879112244,0.9528734683990479
29,0.16676108539104462,0.8254804611206055,0.7034809589385986,0.9275239706039429,0.9347177743911743,0.9545208215713501
30,0.17588195204734802,0.8193561434745789,0.6953244805335999,0.9195475578308105,0.9296218156814575,0.9502755403518677
31,0.1594739556312561,0.8328898549079895,0.7144777774810791,0.9312180280685425,0.9364421367645264,0.9562671780586243
32,0.1545884907245636,0.8374074697494507,0.7211695909500122,0.9344738125801086,0.9386768937110901,0.9580599665641785
33,0.158908873796463,0.8329671621322632,0.7150587439537048,0.9282880425453186,0.9358960390090942,0.9551705718040466
34,0.151210218667984,0.8407109975814819,0.7259871959686279,0.9341768026351929,0.9411368370056152,0.9588298797607422
35,0.14962130784988403,0.8422361612319946,0.7281050086021423,0.9341195821762085,0.9418428540229797,0.9590586423873901
36,0.1435801386833191,0.848710834980011,0.7377774715423584,0.9395251870155334,0.9443815350532532,0.961627721786499
37,0.14167699217796326,0.8503352999687195,0.7399960160255432,0.9377906322479248,0.9456188678741455,0.961517333984375
38,0.14075180888175964,0.8507212400436401,0.740791916847229,0.9368811249732971,0.9477618932723999,0.961975634098053
39,0.14005783200263977,0.8519652485847473,0.7425503134727478,0.9370760917663574,0.9450610876083374,0.9611003994941711
40,0.1557835340499878,0.8395172953605652,0.7257392406463623,0.9264801144599915,0.9345604181289673,0.954143762588501
41,0.13369803130626678,0.8577435612678528,0.7517058253288269,0.9435972571372986,0.9478220343589783,0.9640992283821106
42,0.1427910178899765,0.8506325483322144,0.7408488392829895,0.9333778023719788,0.9426183700561523,0.9590981602668762
43,0.13859190046787262,0.854156494140625,0.7466294765472412,0.9369617104530334,0.9457517266273499,0.9613046050071716
44,0.12817028164863586,0.8623598217964172,0.7586469054222107,0.9452217221260071,0.949945867061615,0.96534663438797
45,0.13292023539543152,0.8574997782707214,0.7523828744888306,0.9414198398590088,0.9479559659957886,0.9634639620780945
46,0.13690076768398285,0.8544601202011108,0.7477765679359436,0.9357002973556519,0.945768415927887,0.9609163999557495
47,0.14017003774642944,0.8525804281234741,0.7454696893692017,0.9356573224067688,0.9408932328224182,0.9592044949531555
48,0.12092776596546173,0.8679558038711548,0.7672927379608154,0.9491218328475952,0.9539000988006592,0.9679431915283203
49,0.1284973919391632,0.862148106098175,0.7598953247070312,0.946357250213623,0.9456158876419067,0.9641915559768677
50,0.1149468645453453,0.8742801547050476,0.7768765687942505,0.9521830677986145,0.9581729769706726,0.9703834652900696
51,0.11980237811803818,0.869489848613739,0.7704721689224243,0.9472529292106628,0.9554222822189331,0.9678781032562256
52,0.13956621289253235,0.8512055277824402,0.746935248374939,0.9394879937171936,0.9376923441886902,0.9592646360397339
53,0.11240215599536896,0.8764399290084839,0.7804305553436279,0.9540024399757385,0.9584079384803772,0.9710408449172974
54,0.12118496000766754,0.8688094019889832,0.7691558599472046,0.9476701021194458,0.9520955085754395,0.9668614864349365
55,0.13536828756332397,0.859448254108429,0.7545689940452576,0.933443009853363,0.9461431503295898,0.9603408575057983
56,0.1122657060623169,0.8760935068130493,0.780080258846283,0.9539264440536499,0.9575397372245789,0.97071772813797
57,0.11537735164165497,0.8732458353042603,0.7767010927200317,0.9535672664642334,0.9523776173591614,0.9688155055046082
58,0.11472328752279282,0.8759022951126099,0.7796875834465027,0.9531397819519043,0.9537323117256165,0.9691519141197205
59,0.1303708702325821,0.8621138334274292,0.7611905336380005,0.9426781535148621,0.9390115737915039,0.9607194066047668
60,0.13147017359733582,0.8575563430786133,0.756832480430603,0.9422322511672974,0.940597414970398,0.96114182472229
61,0.1301242560148239,0.8631294965744019,0.7615145444869995,0.9346867799758911,0.9499920010566711,0.9620557427406311
62,0.10276199877262115,0.8845307230949402,0.793439507484436,0.9583880305290222,0.9643317461013794,0.9744663238525391
63,0.10955929756164551,0.8782892227172852,0.7845209240913391,0.9559929966926575,0.9566891193389893,0.9710779786109924
64,0.10108335316181183,0.8866941332817078,0.797197699546814,0.9633806943893433,0.9610807299613953,0.9749397039413452
65,0.12272975593805313,0.8689112663269043,0.7705217599868774,0.946146547794342,0.9494304656982422,0.9654577970504761
66,0.11195969581604004,0.8762129545211792,0.780731737613678,0.9504895210266113,0.9575244784355164,0.9696242213249207
67,0.10582630336284637,0.8822436332702637,0.7900543808937073,0.9581604599952698,0.9592655897140503,0.9726549983024597
68,0.0996650755405426,0.8877094388008118,0.7986304759979248,0.9605474472045898,0.9639184474945068,0.9750138521194458
69,0.11616790294647217,0.8720868229866028,0.7767394781112671,0.9511653184890747,0.9495830535888672,0.9670855402946472
70,0.10109428316354752,0.886062502861023,0.7964298725128174,0.9617938995361328,0.9609766602516174,0.9743993282318115
71,0.10206504166126251,0.8856585621833801,0.795839250087738,0.9608348608016968,0.9594159126281738,0.9735555052757263
72,0.1087300032377243,0.8785201907157898,0.7857953906059265,0.9569485783576965,0.9554353952407837,0.9709453582763672
73,0.0969868078827858,0.8904900550842285,0.8035944104194641,0.9643696546554565,0.9620662331581116,0.975594699382782
74,0.09380896389484406,0.8936506509780884,0.8082736134529114,0.9656702280044556,0.9651668667793274,0.9770771265029907
75,0.09647606313228607,0.890701949596405,0.8044984936714172,0.9646782279014587,0.9627960920333862,0.9759447574615479
76,0.09329704195261002,0.8949528932571411,0.810510516166687,0.9674021005630493,0.9627116322517395,0.9767832159996033
77,0.0938570573925972,0.895006000995636,0.8105610013008118,0.9651018977165222,0.962931215763092,0.9761263728141785
78,0.09107416123151779,0.896384060382843,0.8127376437187195,0.9670966267585754,0.9658167958259583,0.977756142616272
79,0.09516038745641708,0.8933036923408508,0.8084405660629272,0.9657730460166931,0.9613632559776306,0.9757981896400452
80,0.09381566941738129,0.8940222859382629,0.8091849088668823,0.9675490856170654,0.9605318307876587,0.9760743379592896
81,0.09906981885433197,0.8884248733520508,0.8023252487182617,0.9638416171073914,0.9583346247673035,0.974134087562561
82,0.1056443303823471,0.8842231631278992,0.7939201593399048,0.9510095119476318,0.9629148840904236,0.9716311097145081
83,0.10079455375671387,0.8855909109115601,0.7994537949562073,0.9610328674316406,0.9590263962745667,0.9734835028648376
84,0.09078452736139297,0.8971868753433228,0.8142694234848022,0.9677878022193909,0.9637420773506165,0.9772622585296631
85,0.09825774282217026,0.8898597955703735,0.8028904795646667,0.9601256847381592,0.9612914323806763,0.9739773869514465
86,0.08885426074266434,0.8987542390823364,0.8169710040092468,0.968446671962738,0.9646503925323486,0.9777858853340149
87,0.09698765724897385,0.8913658261299133,0.8056133389472961,0.9624416828155518,0.9597247242927551,0.9741723537445068
88,0.0932505875825882,0.8954468965530396,0.8116843104362488,0.9661203622817993,0.9607425928115845,0.9756935238838196
89,0.09695030748844147,0.8921158909797668,0.8063289523124695,0.961442768573761,0.9608933329582214,0.9742589592933655
90,0.10680846869945526,0.8848390579223633,0.7954383492469788,0.9545009732246399,0.9565062522888184,0.9705427885055542
91,0.09496022015810013,0.8921166658401489,0.8064299821853638,0.9607078433036804,0.9647318124771118,0.9753434658050537
92,0.089969202876091,0.895764172077179,0.8126131296157837,0.9661296010017395,0.966376543045044,0.9776390194892883
93,0.09177301824092865,0.8961648941040039,0.8129978179931641,0.9664066433906555,0.9623405933380127,0.9763379693031311
94,0.09939096868038177,0.8885236978530884,0.8012419939041138,0.9615106582641602,0.957008421421051,0.9729346036911011
95,0.08494384586811066,0.9034959673881531,0.824593186378479,0.970950722694397,0.9661057591438293,0.9790875911712646
96,0.09064342826604843,0.8977036476135254,0.8156114816665649,0.9640400409698486,0.9656316041946411,0.9767157435417175
97,0.086430624127388,0.8996695280075073,0.8195177316665649,0.9681304693222046,0.9669860601425171,0.9784881472587585
98,0.08636705577373505,0.8999547958374023,0.8209120035171509,0.9712162613868713,0.9635355472564697,0.9782839417457581
99,0.0859963670372963,0.9022769927978516,0.8226984143257141,0.9678062200546265,0.9665765762329102,0.978243887424469
100,0.07629301398992538,0.9106070399284363,0.836656928062439,0.9746244549751282,0.9726182222366333,0.9825003147125244
101,0.08950500190258026,0.8961901664733887,0.8159582018852234,0.969270646572113,0.9608060121536255,0.9767167568206787
102,0.09836769104003906,0.8911187052726746,0.8051649928092957,0.9572425484657288,0.96174156665802,0.9732149839401245
103,0.0842117890715599,0.9025071263313293,0.8249880075454712,0.9711276292800903,0.9653123617172241,0.9788703918457031
104,0.0789610892534256,0.9084380269050598,0.8330796957015991,0.972685694694519,0.9693700075149536,0.9807656407356262
105,0.08351917564868927,0.9036588668823242,0.8260490298271179,0.9711441397666931,0.9654027819633484,0.9789068698883057
106,0.078205406665802,0.9082436561584473,0.8331285715103149,0.9749387502670288,0.9690958261489868,0.981394350528717
107,0.07897184789180756,0.9078998565673828,0.8326492309570312,0.9736347198486328,0.9685988426208496,0.9808052182197571
108,0.08193884789943695,0.9036232233047485,0.8268409967422485,0.9706993699073792,0.9673490524291992,0.9794350862503052
109,0.0771709457039833,0.9091594815254211,0.8350107073783875,0.9743166565895081,0.9700809121131897,0.9815330505371094
110,0.07835740596055984,0.9072985649108887,0.8326555490493774,0.9736600518226624,0.9689369797706604,0.9809295535087585
111,0.10027509927749634,0.889758288860321,0.806047797203064,0.961209774017334,0.9535799026489258,0.971642792224884
112,0.07509192079305649,0.9126874804496765,0.8400076031684875,0.9747322797775269,0.9710093140602112,0.9819848537445068
113,0.08195426315069199,0.9034234881401062,0.8274375200271606,0.9691873788833618,0.9681385159492493,0.9792217016220093
114,0.09512640535831451,0.8938250541687012,0.8107859492301941,0.9616415500640869,0.9597598314285278,0.9739304780960083
115,0.07430218160152435,0.9123257398605347,0.8401780128479004,0.973663866519928,0.9728705286979675,0.9822770357131958
116,0.09086724370718002,0.8933976888656616,0.8113303184509277,0.9626204967498779,0.9649600982666016,0.9760322570800781
117,0.07227815687656403,0.9145558476448059,0.8436075448989868,0.9777106046676636,0.971809983253479,0.9832171201705933
118,0.1008661612868309,0.8972957730293274,0.8156755566596985,0.9529175758361816,0.9595876932144165,0.9711019992828369
119,0.07495512813329697,0.9116196632385254,0.8390294313430786,0.9754253029823303,0.970091700553894,0.9818927645683289
120,0.07492958009243011,0.9118191599845886,0.8391393423080444,0.9733484387397766,0.9718491435050964,0.9818270206451416
121,0.08351553976535797,0.9048784971237183,0.8281925320625305,0.9696213603019714,0.9647613167762756,0.9781991243362427
122,0.08468781411647797,0.8999437093734741,0.8242815136909485,0.9730076789855957,0.9593337774276733,0.9773895144462585
123,0.06966090202331543,0.918267548084259,0.8493703007698059,0.9787459969520569,0.9723924994468689,0.9837501645088196
124,0.0739031732082367,0.9135540723800659,0.8418703079223633,0.9760489463806152,0.9699178338050842,0.9820333123207092
125,0.07408173382282257,0.9134711027145386,0.842154324054718,0.9750738143920898,0.9696465730667114,0.9816270470619202
126,0.06872503459453583,0.9188882112503052,0.8504534959793091,0.9761625528335571,0.9751883745193481,0.98387211561203
127,0.07381498068571091,0.9152469635009766,0.8445810079574585,0.9749809503555298,0.9693382382392883,0.981491208076477
128,0.07243512570858002,0.9123831987380981,0.842492938041687,0.9769073724746704,0.9703468680381775,0.9824564456939697
129,0.07101469486951828,0.9161933660507202,0.8462125062942505,0.975808322429657,0.9729024767875671,0.9829787015914917
130,0.06864470988512039,0.9183127284049988,0.8500169515609741,0.9787924289703369,0.973158061504364,0.9840275049209595
131,0.07282300293445587,0.9145210385322571,0.8446744680404663,0.977880597114563,0.9685523509979248,0.9821503758430481
132,0.07741700112819672,0.9103554487228394,0.8369988203048706,0.9707714915275574,0.9703615307807922,0.980490505695343
133,0.06921299546957016,0.9176247715950012,0.8487154245376587,0.9782317280769348,0.9734467267990112,0.9839456081390381
134,0.06684209406375885,0.9206516146659851,0.8539367914199829,0.9796742796897888,0.9734235405921936,0.984402596950531
135,0.06769853830337524,0.9207507967948914,0.8536818623542786,0.9783928990364075,0.9736037850379944,0.9840512871742249
136,0.07343169301748276,0.9144861102104187,0.8434115648269653,0.9742299318313599,0.9713213443756104,0.981930136680603
137,0.07422079145908356,0.9114652872085571,0.8405472040176392,0.974846601486206,0.9691314697265625,0.9813770055770874
138,0.06388285756111145,0.9237592816352844,0.8589047193527222,0.9786849617958069,0.977830171585083,0.9855850338935852
139,0.07178617268800735,0.9149214029312134,0.8448624610900879,0.9767189621925354,0.9712244272232056,0.9826973080635071
140,0.07011820375919342,0.9170475006103516,0.8485091328620911,0.9782716631889343,0.9709975719451904,0.9831185936927795
141,0.07386136054992676,0.9127823114395142,0.8422972559928894,0.9752871990203857,0.9688770771026611,0.9814308285713196
142,0.0661291852593422,0.9217103719711304,0.8556777834892273,0.9791857600212097,0.9741933345794678,0.9845085144042969
143,0.07283807545900345,0.9127154350280762,0.8414732813835144,0.9753888845443726,0.9722517728805542,0.9826212525367737
144,0.06589310616254807,0.921596348285675,0.8555680513381958,0.9794605374336243,0.974157989025116,0.9845850467681885
145,0.06961464136838913,0.9150906801223755,0.8467985391616821,0.9790936708450317,0.9707995653152466,0.9833146333694458
146,0.07526516914367676,0.9138302803039551,0.8428487777709961,0.9719204902648926,0.971117377281189,0.9811179041862488
147,0.06557190418243408,0.9210922122001648,0.8557217717170715,0.9794106483459473,0.9748584628105164,0.9848083257675171
148,0.062486499547958374,0.9265152215957642,0.8633285760879517,0.9809921383857727,0.9754403829574585,0.9855177402496338
149,0.06317564845085144,0.9248522520065308,0.8609662055969238,0.9815589189529419,0.9744025468826294,0.985345721244812
150,0.07338418066501617,0.9153341054916382,0.8451089859008789,0.971894383430481,0.9725374579429626,0.9815937280654907
151,0.06082385778427124,0.9271764755249023,0.8646842837333679,0.9808228611946106,0.9781038165092468,0.986370325088501
152,0.06815185397863388,0.9190298318862915,0.8517009019851685,0.978152334690094,0.9726136922836304,0.9836348295211792
153,0.06455640494823456,0.9223338961601257,0.8571116328239441,0.9783322811126709,0.9767789244651794,0.9851140379905701
154,0.059429366141557693,0.9292534589767456,0.86810302734375,0.9821794629096985,0.9775696396827698,0.9866279363632202
155,0.06209779530763626,0.9267060160636902,0.8641557693481445,0.9821640849113464,0.9740763902664185,0.9854291081428528
156,0.07049248367547989,0.9171236753463745,0.8495615720748901,0.9760900139808655,0.9716041088104248,0.9826251864433289
157,0.06163706257939339,0.9278844594955444,0.8657506704330444,0.9815332293510437,0.9752359986305237,0.9856226444244385
158,0.06410253793001175,0.9239746332168579,0.8595209121704102,0.9784343838691711,0.9758862257003784,0.9848434329032898
159,0.08340267091989517,0.910897433757782,0.8376055955886841,0.9614277482032776,0.9695256948471069,0.9772060513496399
160,0.06027495861053467,0.9281463623046875,0.8666384816169739,0.982012927532196,0.977217972278595,0.9864542484283447
161,0.062044572085142136,0.9260352849960327,0.862977147102356,0.979376494884491,0.9775993824005127,0.9857305884361267
162,0.05970747023820877,0.9284805059432983,0.8669215440750122,0.9819787740707397,0.9775591492652893,0.9865594506263733
163,0.05728336423635483,0.9316495656967163,0.8723252415657043,0.9849375486373901,0.9768399596214294,0.9872714877128601
164,0.06368368119001389,0.9244758486747742,0.8606570959091187,0.9787106513977051,0.9755837917327881,0.9848297238349915
165,0.06040541082620621,0.9270311594009399,0.8649426698684692,0.9814683794975281,0.9769864678382874,0.9861992001533508
166,0.06895110011100769,0.9184214472770691,0.8515661954879761,0.9773771166801453,0.9714884757995605,0.9829995632171631
167,0.06352046132087708,0.9244510531425476,0.860627293586731,0.9806198477745056,0.9742791056632996,0.985000491142273
168,0.05893002077937126,0.9290461540222168,0.8681818842887878,0.9799920320510864,0.9799330234527588,0.9867209196090698
169,0.07065000385046005,0.9131345748901367,0.8451793789863586,0.9771342277526855,0.9701032638549805,0.9824455380439758
170,0.06119377538561821,0.9282061457633972,0.8664785623550415,0.9817765355110168,0.9753022193908691,0.9857238531112671
171,0.056330032646656036,0.9326111078262329,0.8740754127502441,0.9847890138626099,0.9774597883224487,0.9874352812767029
172,0.06149528548121452,0.9259703755378723,0.8635150194168091,0.9798051714897156,0.9771894812583923,0.9857301115989685
173,0.06438823789358139,0.9224940538406372,0.8590478897094727,0.979108989238739,0.9742237329483032,0.984494149684906
174,0.06169543415307999,0.924901008605957,0.8619973063468933,0.9820286631584167,0.9753615856170654,0.9858255982398987
175,0.05795776844024658,0.9306026697158813,0.870740532875061,0.9830644130706787,0.9776699542999268,0.9869486689567566
176,0.06030214950442314,0.9274776577949524,0.8656282424926758,0.9797537326812744,0.9786345362663269,0.9862040281295776
177,0.06322264671325684,0.9230313301086426,0.859655499458313,0.9823747873306274,0.9721120595932007,0.9848218560218811
178,0.057054512202739716,0.9322155714035034,0.873404860496521,0.9824070334434509,0.9785582423210144,0.9870380163192749
179,0.06167425587773323,0.9264532327651978,0.8640826940536499,0.9807614684104919,0.9758467078208923,0.9855819940567017
180,0.05904262140393257,0.928507924079895,0.8673442006111145,0.9816843867301941,0.9781652688980103,0.9866703152656555
181,0.06817357242107391,0.9185923337936401,0.8525698781013489,0.9779143929481506,0.9706496000289917,0.9828841090202332
182,0.05911523103713989,0.9273015856742859,0.8659666180610657,0.9821211099624634,0.9778865575790405,0.9867169857025146
183,0.06022769212722778,0.9268158078193665,0.8645458221435547,0.979783296585083,0.9792462587356567,0.9864208102226257
184,0.057063233107328415,0.9298673868179321,0.8700445294380188,0.9828398823738098,0.9793795347213745,0.9874573945999146
185,0.05480645224452019,0.9341537356376648,0.876923680305481,0.9844728112220764,0.9782667756080627,0.9876081943511963
186,0.05507776886224747,0.9336384534835815,0.8761528134346008,0.984726071357727,0.9779500961303711,0.987582266330719
187,0.06474268436431885,0.9191174507141113,0.8539102673530579,0.9791899919509888,0.9744925498962402,0.9846121668815613
188,0.06740745157003403,0.9169427752494812,0.8493343591690063,0.9751363396644592,0.9762730598449707,0.9839088320732117
189,0.056649088859558105,0.9300945401191711,0.8710015416145325,0.9842463731765747,0.9781671166419983,0.9875009059906006
190,0.05727788060903549,0.9305615425109863,0.8714804649353027,0.9839984774589539,0.9768228530883789,0.9869619011878967
191,0.054898954927921295,0.9330086708068848,0.8754047155380249,0.9839547276496887,0.9795805215835571,0.9878873229026794
192,0.05822622776031494,0.9287911653518677,0.8691741824150085,0.983255922794342,0.9766147136688232,0.9866505861282349
193,0.05867417901754379,0.9281802177429199,0.8672503232955933,0.9832248091697693,0.9765533208847046,0.9866195917129517
194,0.057160813361406326,0.9305610656738281,0.871274471282959,0.9821276664733887,0.9791849851608276,0.9871603846549988
195,0.05499681085348129,0.9336808919906616,0.876401424407959,0.9829815030097961,0.9793127775192261,0.9874807000160217
196,0.058161843568086624,0.9307209253311157,0.8710452914237976,0.9817677140235901,0.9781618118286133,0.9866961240768433
197,0.056822240352630615,0.9312235116958618,0.8722231984138489,0.9834350943565369,0.9774246215820312,0.9869850277900696
198,0.0571773536503315,0.9311199188232422,0.8718194961547852,0.9810201525688171,0.979899525642395,0.9870432615280151
199,0.06771767139434814,0.9238044619560242,0.8592615127563477,0.9731611609458923,0.9744160771369934,0.9826408624649048
200,0.06109887361526489,0.9257782697677612,0.8633720278739929,0.9802921414375305,0.9761478900909424,0.9855329990386963
201,0.06048911064863205,0.9252523183822632,0.8635007739067078,0.9823747873306274,0.9749190807342529,0.9857859015464783
202,0.05430173873901367,0.9332746267318726,0.8767521977424622,0.9856482148170471,0.9777722358703613,0.9878202080726624
203,0.05996605008840561,0.9241952896118164,0.8629823923110962,0.9827075004577637,0.9753451347351074,0.9860392212867737
204,0.05296022444963455,0.9353886842727661,0.8793253898620605,0.9837098717689514,0.9810624122619629,0.9883105158805847
205,0.06934099644422531,0.9196096658706665,0.8537093997001648,0.9759165644645691,0.9716036915779114,0.9825692772865295
206,0.05040398985147476,0.9384695887565613,0.8844078779220581,0.9862319231033325,0.9813440442085266,0.9892256259918213
207,0.05849440023303032,0.9267104268074036,0.8659494519233704,0.980750322341919,0.9790565967559814,0.986670196056366
208,0.059190236032009125,0.9264193773269653,0.8650788068771362,0.9834884405136108,0.9759038686752319,0.9864827394485474
209,0.054232679307460785,0.9346933364868164,0.8780999183654785,0.9854099154472351,0.977837324142456,0.9877652525901794
210,0.057496704161167145,0.9287986755371094,0.8693400621414185,0.9802545309066772,0.9806621074676514,0.9870525598526001
211,0.05145544558763504,0.9369583129882812,0.8821099996566772,0.9846965074539185,0.981532871723175,0.9887905120849609
212,0.05296444892883301,0.935640811920166,0.8796167373657227,0.9851582050323486,0.9799945950508118,0.9884185791015625
213,0.05042162537574768,0.9372519254684448,0.8828079104423523,0.9872769117355347,0.9804781675338745,0.9892709255218506
214,0.05554040148854256,0.9336760640144348,0.8760755658149719,0.9820132851600647,0.9798229932785034,0.9873396754264832
215,0.048554301261901855,0.9406787157058716,0.8882163166999817,0.9860853552818298,0.9827807545661926,0.9896647334098816
216,0.05859322473406792,0.9272201657295227,0.8670369386672974,0.9835647940635681,0.9753375053405762,0.98631352186203
217,0.05874757841229439,0.9271000623703003,0.8664089441299438,0.9812123775482178,0.9779847264289856,0.986456036567688
218,0.054696641862392426,0.9320977330207825,0.8749095797538757,0.9852586984634399,0.9777479767799377,0.9876857995986938
219,0.05567937344312668,0.9308477640151978,0.8718442916870117,0.9831039309501648,0.9798824191093445,0.9877137541770935
220,0.05585759878158569,0.9302057027816772,0.8711864352226257,0.9844589829444885,0.9781001210212708,0.9875469207763672
221,0.058573298156261444,0.9307006597518921,0.8711808919906616,0.9810059070587158,0.9780654907226562,0.9864166378974915
222,0.0497262105345726,0.9392644166946411,0.8858853578567505,0.9843055009841919,0.9829780459403992,0.9891518950462341
223,0.04861755669116974,0.940496563911438,0.8879961967468262,0.9861313700675964,0.9826436042785645,0.989633321762085
224,0.05166275054216385,0.9366880655288696,0.8817501068115234,0.986559271812439,0.978870153427124,0.9884901642799377
225,0.04918622970581055,0.9391717910766602,0.8859823942184448,0.9869948625564575,0.9814675450325012,0.9895155429840088
226,0.052072666585445404,0.9358491897583008,0.8805814981460571,0.9849632382392883,0.98023921251297,0.9884384274482727
227,0.05189519003033638,0.9380000233650208,0.883482813835144,0.9836980104446411,0.9815140962600708,0.9884595274925232
228,0.056103162467479706,0.9280106425285339,0.8699764013290405,0.9830329418182373,0.978091835975647,0.9870821833610535
229,0.048999521881341934,0.9398619532585144,0.8870763778686523,0.9872109293937683,0.9808701872825623,0.989382803440094
230,0.049988724291324615,0.9383862614631653,0.88499516248703,0.9866997599601746,0.980390727519989,0.9890537261962891
231,0.0485580675303936,0.9408473968505859,0.8886973261833191,0.9840928912162781,0.9841174483299255,0.9894667267799377
232,0.04907449334859848,0.939526379108429,0.8865395784378052,0.9859963059425354,0.9822596311569214,0.9894593358039856
233,0.045595742762088776,0.9441272020339966,0.8943885564804077,0.9890709519386292,0.9821666479110718,0.9904281497001648
234,0.050593018531799316,0.9379205703735352,0.8839000463485718,0.9840667843818665,0.9825378060340881,0.988925576210022
235,0.046943891793489456,0.942896842956543,0.8922909498214722,0.9871836304664612,0.9823289513587952,0.9898691773414612
236,0.050709377974271774,0.9390678405761719,0.8857153654098511,0.9839339852333069,0.9810839295387268,0.9883906245231628
237,0.05010846257209778,0.9398959875106812,0.8870339393615723,0.9851865768432617,0.9811735153198242,0.9888280034065247
238,0.05093784257769585,0.9374485015869141,0.8833088874816895,0.9866774678230286,0.9790388345718384,0.9885860681533813
239,0.04689456522464752,0.9418590664863586,0.8907489776611328,0.9869994521141052,0.9831841588020325,0.9900988340377808
240,0.05157800763845444,0.934968113899231,0.8794953227043152,0.9841043949127197,0.9819673299789429,0.9887449741363525
241,0.0494910404086113,0.9400545954704285,0.8874921798706055,0.9843538403511047,0.9827280044555664,0.9890832304954529
242,0.048382870852947235,0.9406715631484985,0.8886483311653137,0.9868969917297363,0.9810943603515625,0.9893569946289062
243,0.051941048353910446,0.9364411234855652,0.8814983367919922,0.9845000505447388,0.9802784323692322,0.9883013367652893
244,0.044972680509090424,0.9448153376579285,0.8956116437911987,0.9876856207847595,0.9839180707931519,0.990570604801178
245,0.04600665345788002,0.9432195425033569,0.8930560946464539,0.9873966574668884,0.98320472240448,0.9902351498603821
246,0.04958902671933174,0.9377687573432922,0.8841555714607239,0.9854049682617188,0.982006847858429,0.989181399345398
247,0.06641756743192673,0.9186393618583679,0.8582967519760132,0.9810611605644226,0.9654939770698547,0.9821069240570068
248,0.04557349532842636,0.9439595341682434,0.8942133188247681,0.9866114854812622,0.9844098091125488,0.990386426448822
249,0.05705661699175835,0.9312057495117188,0.8723052740097046,0.9806901216506958,0.9793750047683716,0.9867585301399231
250,0.04868360981345177,0.9394699931144714,0.8867748379707336,0.9843150973320007,0.983696699142456,0.989397406578064
251,0.047403957694768906,0.9404938817024231,0.888885498046875,0.9872872829437256,0.9820941686630249,0.9898232817649841
252,0.04662730172276497,0.9431759119033813,0.892823338508606,0.9870240092277527,0.9823464155197144,0.9898231625556946
253,0.04939129948616028,0.9395517110824585,0.8865901827812195,0.9857921600341797,0.9817807078361511,0.989230751991272
254,0.045719169080257416,0.9437505006790161,0.8940330743789673,0.9876261353492737,0.9829332828521729,0.9902179837226868
255,0.05380105972290039,0.9346367120742798,0.8784268498420715,0.9817718863487244,0.9821525812149048,0.988048791885376
256,0.049750395119190216,0.9370794296264648,0.8833805918693542,0.9857967495918274,0.9811920523643494,0.9890326261520386
257,0.0464995838701725,0.9430400729179382,0.8927593231201172,0.9864314794540405,0.9828678369522095,0.9898068904876709
258,0.05095244571566582,0.9385694265365601,0.8847367167472839,0.9832263588905334,0.9826086759567261,0.9886759519577026
259,0.052444059401750565,0.9366820454597473,0.8824033737182617,0.9856144785881042,0.9768670201301575,0.9874997735023499
260,0.052257634699344635,0.9343935251235962,0.8787645101547241,0.98370760679245,0.9806873798370361,0.9881827235221863
261,0.04767593368887901,0.9404839277267456,0.8884971737861633,0.985519289970398,0.9833483099937439,0.9896722435951233
262,0.0449187271296978,0.9446794390678406,0.8956920504570007,0.9874826073646545,0.9837414026260376,0.9904447197914124
263,0.04643559455871582,0.9427026510238647,0.8924150466918945,0.9872469902038574,0.9818261861801147,0.9897192716598511
264,0.046360064297914505,0.9425030946731567,0.8919565081596375,0.9863831400871277,0.9834134578704834,0.98997563123703
265,0.042840614914894104,0.9470168948173523,0.8997156023979187,0.9889819622039795,0.9839383959770203,0.9909999966621399
266,0.04951179400086403,0.9364117383956909,0.8829639554023743,0.9858596920967102,0.9818247556686401,0.9892675876617432
267,0.04729823023080826,0.9399701952934265,0.8887607455253601,0.9855315685272217,0.9836174249649048,0.9897670745849609
268,0.04840664565563202,0.9404997825622559,0.8887951970100403,0.9866053462028503,0.980774462223053,0.9891535639762878
269,0.04339281842112541,0.94671630859375,0.899223804473877,0.9885567426681519,0.9833978414535522,0.9906784296035767
270,0.053015489131212234,0.9363423585891724,0.8813379406929016,0.9820981025695801,0.9813494086265564,0.9878837466239929
271,0.05199320241808891,0.9346380233764648,0.8796523213386536,0.9853231906890869,0.97900390625,0.988135039806366
272,0.04801056906580925,0.9372974634170532,0.8844620585441589,0.9857031106948853,0.9837192893028259,0.9898573756217957
273,0.05316006392240524,0.934400200843811,0.878531813621521,0.9841415882110596,0.9795539975166321,0.9879389405250549
274,0.048848770558834076,0.9387125968933105,0.8857806324958801,0.9858109354972839,0.9824445247650146,0.9894616603851318
275,0.04992898553609848,0.9350594282150269,0.8801108598709106,0.9849022030830383,0.9828744530677795,0.9893112182617188
276,0.042730920016765594,0.947717010974884,0.9008307456970215,0.989027202129364,0.9836803674697876,0.9909273982048035
277,0.04741298779845238,0.940630316734314,0.8892132639884949,0.9868862628936768,0.9822460412979126,0.9897443056106567
278,0.041554488241672516,0.9484548568725586,0.9021902084350586,0.9882577657699585,0.9859709143638611,0.9914500117301941
279,0.04474958777427673,0.9434712529182434,0.8938994407653809,0.9879158735275269,0.9836100935935974,0.9905414581298828
280,0.046342115849256516,0.9408262968063354,0.8902978897094727,0.9887144565582275,0.9813750982284546,0.9900431036949158
281,0.04694980010390282,0.9409221410751343,0.8894163966178894,0.9856072068214417,0.9841331243515015,0.9899656772613525
282,0.04893653839826584,0.9378207325935364,0.8844230771064758,0.9861486554145813,0.9815921783447266,0.9892827272415161
283,0.04979315027594566,0.9386519193649292,0.8853832483291626,0.9835644364356995,0.9831343293190002,0.9889633059501648
284,0.04296744987368584,0.9469079971313477,0.8994884490966797,0.9888342022895813,0.9838132262229919,0.9909094572067261
285,0.04785555601119995,0.9405379295349121,0.8887554407119751,0.9867396354675293,0.9817750453948975,0.9895369410514832
286,0.04811958596110344,0.9388710856437683,0.8864386677742004,0.9862783551216125,0.9823494553565979,0.9895815253257751
287,0.046278394758701324,0.9422947764396667,0.8918587565422058,0.9847564101219177,0.9852142333984375,0.9900521636009216
288,0.04329285770654678,0.9461097717285156,0.8984314799308777,0.9900372624397278,0.9821197986602783,0.9907265901565552
289,0.0487184040248394,0.9362823367118835,0.881844699382782,0.9859671592712402,0.9832161068916321,0.9897734522819519
290,0.04264645278453827,0.9469342231750488,0.8996973037719727,0.9877285957336426,0.9852192401885986,0.9910238981246948
291,0.043798692524433136,0.9442289471626282,0.8954412341117859,0.9874097108840942,0.9852764010429382,0.9909390807151794
292,0.04625054821372032,0.9401542544364929,0.8890506625175476,0.9881821870803833,0.981928825378418,0.9900582432746887
293,0.048571161925792694,0.9380928874015808,0.8848196268081665,0.985569953918457,0.9831345677375793,0.9896165132522583
294,0.05639665201306343,0.9289972186088562,0.8737238049507141,0.985772967338562,0.971759021282196,0.98579341173172
295,0.04238426685333252,0.9472064971923828,0.9001663327217102,0.9890475869178772,0.9841107726097107,0.9910796880722046
296,0.0455070361495018,0.9427841901779175,0.8925275802612305,0.9841550588607788,0.9866426587104797,0.9903351068496704
297,0.04433564096689224,0.9419937133789062,0.8927004933357239,0.9887593388557434,0.983455240726471,0.9907638430595398
298,0.04170559346675873,0.9482274055480957,0.9021398425102234,0.9889094233512878,0.984008252620697,0.9909999966621399
299,0.0413450226187706,0.9485923051834106,0.9026308059692383,0.9887693524360657,0.9851080179214478,0.9913260340690613
300,0.04098213464021683,0.9481036067008972,0.9019280672073364,0.9891043305397034,0.9857538342475891,0.991653323173523
301,0.03940633684396744,0.9509334564208984,0.9067212343215942,0.9896780848503113,0.9860484600067139,0.9919400811195374
302,0.04694946110248566,0.9382097125053406,0.8853241205215454,0.9859767556190491,0.984885573387146,0.9903398156166077
303,0.04346778616309166,0.9434236288070679,0.8946636915206909,0.9880191087722778,0.9844087362289429,0.9908450841903687
304,0.045390620827674866,0.9455040693283081,0.8971439599990845,0.9868359565734863,0.9827853441238403,0.9899106621742249
305,0.04024558886885643,0.9495381116867065,0.9046829342842102,0.9891588687896729,0.9852885007858276,0.9915140867233276
306,0.042932912707328796,0.9443605542182922,0.8959299325942993,0.9891968369483948,0.9841946959495544,0.9911567568778992
307,0.04388057440519333,0.9436200857162476,0.8946799039840698,0.9881250262260437,0.9839574098587036,0.9907271265983582
308,0.04124675318598747,0.9477821588516235,0.90131014585495,0.9874760508537292,0.986789882183075,0.9914700984954834
309,0.04085231572389603,0.9473721385002136,0.9012004733085632,0.989045262336731,0.9857869148254395,0.9916451573371887
310,0.046101849526166916,0.9397668838500977,0.8885993957519531,0.9872093796730042,0.9832116961479187,0.9901764988899231
311,0.04538774490356445,0.9412387609481812,0.8905118703842163,0.9867469668388367,0.984635055065155,0.9905065894126892
312,0.04276400804519653,0.9460856318473816,0.8986588716506958,0.9889991879463196,0.9836968183517456,0.9909238219261169
313,0.045015398412942886,0.942623496055603,0.8930873870849609,0.9873605370521545,0.9838462471961975,0.9904403686523438
314,0.040021538734436035,0.9498090744018555,0.90498286485672,0.9896984100341797,0.9853472113609314,0.9917100071907043
315,0.04075251892209053,0.9481123089790344,0.9021579027175903,0.9887716174125671,0.985787570476532,0.9915560483932495
316,0.04090062156319618,0.9482542276382446,0.9023991823196411,0.9887920022010803,0.9853128790855408,0.9914025664329529
317,0.04023497551679611,0.9491211175918579,0.9037086367607117,0.9888092279434204,0.9863651394844055,0.9917629361152649
318,0.03786619007587433,0.952999472618103,0.9104849100112915,0.9895433783531189,0.9867362976074219,0.9921278357505798
319,0.03952295333147049,0.9504901766777039,0.9060596227645874,0.9893043041229248,0.9858151078224182,0.9917392730712891
320,0.03991013020277023,0.9490327835083008,0.9037314653396606,0.9881154298782349,0.9873148202896118,0.9918555021286011
321,0.04250288009643555,0.9483168721199036,0.9020429849624634,0.9865800142288208,0.9855116009712219,0.9907474517822266
322,0.040812596678733826,0.9487155675888062,0.9033393859863281,0.9896220564842224,0.984086811542511,0.9912588596343994
323,0.03822696954011917,0.9524380564689636,0.9095064401626587,0.9897559881210327,0.9863678216934204,0.9920731782913208
324,0.042651303112506866,0.946276843547821,0.8988372683525085,0.9863321185112,0.9860736131668091,0.9908555150032043
325,0.039875615388154984,0.9499304890632629,0.9053929448127747,0.9895713925361633,0.985053300857544,0.9915692806243896
326,0.04084973409771919,0.9492042660713196,0.9038932919502258,0.9886123538017273,0.9848921298980713,0.9912019371986389
327,0.03830712288618088,0.9523402452468872,0.9095568656921387,0.9899659156799316,0.9854836463928223,0.9918434023857117
328,0.04185382276773453,0.9468868374824524,0.900162398815155,0.9888008236885071,0.9842764139175415,0.9910553097724915
329,0.04343971237540245,0.9430639147758484,0.8954264521598816,0.9868194460868835,0.9836896061897278,0.9902111291885376
330,0.037048254162073135,0.9539373517036438,0.9121562242507935,0.9908696413040161,0.9861983060836792,0.992379903793335
331,0.040247462689876556,0.9486640691757202,0.902975857257843,0.9890222549438477,0.9857877492904663,0.9916379451751709
332,0.0374138206243515,0.9538825154304504,0.9119865298271179,0.9885310530662537,0.9878838658332825,0.9921825528144836
333,0.04112157225608826,0.9504631161689758,0.9059447050094604,0.9885375499725342,0.9842110276222229,0.9909473657608032
334,0.03955768793821335,0.9495086669921875,0.9047924280166626,0.9883376359939575,0.9869453310966492,0.9918040037155151
335,0.039104945957660675,0.9508687853813171,0.9069622159004211,0.9890298843383789,0.986097514629364,0.991744875907898
336,0.04002344608306885,0.9492262005805969,0.9041906595230103,0.9880797266960144,0.986626923084259,0.9916126132011414
337,0.040021538734436035,0.9491677284240723,0.903913140296936,0.9880383014678955,0.9868396520614624,0.9916706085205078
338,0.038700785487890244,0.9517766833305359,0.9084600210189819,0.9905588030815125,0.9846914410591125,0.991769015789032
339,0.03961043432354927,0.9488201141357422,0.9036990404129028,0.9892536401748657,0.986229658126831,0.9918624758720398
340,0.04070282354950905,0.9466164708137512,0.9000133275985718,0.987859845161438,0.9872574210166931,0.9917526245117188
341,0.03729714825749397,0.953072726726532,0.9107896685600281,0.9902445077896118,0.9867108464241028,0.9923484921455383
342,0.039986029267311096,0.9500057101249695,0.9052915573120117,0.9883732795715332,0.9859015345573425,0.991464376449585
343,0.040193695574998856,0.948408305644989,0.9029375314712524,0.9884047508239746,0.9861375689506531,0.9915541410446167
344,0.03648420795798302,0.9545744061470032,0.9133780598640442,0.9902644753456116,0.9867775440216064,0.9923774600028992
345,0.044505029916763306,0.9402536153793335,0.8895333409309387,0.9862664937973022,0.9857051372528076,0.9907101988792419
346,0.037752024829387665,0.9519691467285156,0.9092415571212769,0.9900468587875366,0.9861353635787964,0.9920898675918579
347,0.04459468647837639,0.9420214891433716,0.8918856382369995,0.9873033761978149,0.9849346280097961,0.9907891750335693
348,0.03792068734765053,0.9523171186447144,0.909406840801239,0.9906662702560425,0.9855268597602844,0.99208664894104
349,0.03581445291638374,0.9550513029098511,0.914257824420929,0.9898645877838135,0.9880002737045288,0.9926580786705017
350,0.0383368656039238,0.9498339891433716,0.9061719179153442,0.988999605178833,0.987159252166748,0.9920923709869385
351,0.0378861203789711,0.9528417587280273,0.9104052782058716,0.9906405210494995,0.9850041270256042,0.9919015169143677
352,0.035380132496356964,0.9561152458190918,0.9161073565483093,0.9894785284996033,0.9883171916007996,0.9926381707191467
353,0.038211721926927567,0.9517166018486023,0.9085326194763184,0.9892333149909973,0.9864093661308289,0.9919164180755615
354,0.03579023852944374,0.955164909362793,0.9144571423530579,0.9909870624542236,0.9867331385612488,0.9925987124443054
355,0.040003418922424316,0.9466134309768677,0.9008566737174988,0.9886096715927124,0.9865508675575256,0.99176025390625
356,0.03594699129462242,0.9548789262771606,0.9139906764030457,0.9904179573059082,0.9872631430625916,0.9925912022590637
357,0.03834127262234688,0.9513305425643921,0.9077561497688293,0.9889600872993469,0.9872843027114868,0.9921215176582336
358,0.03581678867340088,0.9556504487991333,0.9153627157211304,0.9903274178504944,0.9868293404579163,0.9924154877662659
359,0.039077091962099075,0.9499985575675964,0.9056636691093445,0.987503707408905,0.9878668785095215,0.9918406009674072
360,0.03670584410429001,0.9536533355712891,0.9118658900260925,0.9908167123794556,0.9859369397163391,0.9922743439674377
361,0.03626102954149246,0.9550489187240601,0.914295494556427,0.989967405796051,0.9870088696479797,0.9923582673072815
362,0.03682534769177437,0.9521001577377319,0.9094380140304565,0.9894558787345886,0.9880900382995605,0.9925544857978821
363,0.03701670467853546,0.9539098739624023,0.9123104810714722,0.9908324480056763,0.9855736494064331,0.9921567440032959
364,0.03433970361948013,0.9574001431465149,0.918449878692627,0.9886181354522705,0.9897035956382751,0.9928207397460938
365,0.039032865315675735,0.9490799903869629,0.9046609997749329,0.9903431534767151,0.984784722328186,0.991730272769928
366,0.03705652803182602,0.9518529772758484,0.9091256260871887,0.9894881248474121,0.9877520203590393,0.9924514889717102
367,0.03472796827554703,0.9562894701957703,0.9166343808174133,0.9900495409965515,0.988370418548584,0.992842972278595
368,0.03446682542562485,0.9567046165466309,0.917279839515686,0.9905288815498352,0.9882950186729431,0.992974579334259
369,0.035022538155317307,0.9559723734855652,0.9161621928215027,0.9900345802307129,0.9878146648406982,0.9926513433456421
370,0.035845011472702026,0.9541141390800476,0.9128408432006836,0.9900583624839783,0.9879568219184875,0.9927069544792175
371,0.0335560217499733,0.9584406018257141,0.9203912615776062,0.9911187291145325,0.987782895565033,0.9929954409599304
372,0.04463022202253342,0.9437884092330933,0.8947927355766296,0.9846466183662415,0.9859936833381653,0.9902781248092651
373,0.03573141247034073,0.9537992477416992,0.9125596284866333,0.9897851347923279,0.9881954193115234,0.9926976561546326
374,0.03706628829240799,0.9544590711593628,0.9133122563362122,0.9917891025543213,0.983705997467041,0.9918360114097595
375,0.034706346690654755,0.9569697380065918,0.9177484512329102,0.9892893433570862,0.9884070754051208,0.9926063418388367
376,0.036231838166713715,0.9523892402648926,0.9107117652893066,0.989437460899353,0.9879883527755737,0.9925143122673035
377,0.035298824310302734,0.9556652307510376,0.9155294299125671,0.9902544617652893,0.9875020980834961,0.992618203163147
378,0.03446272388100624,0.9576762914657593,0.9189629554748535,0.9902076721191406,0.9874531030654907,0.9925863742828369
379,0.03771518915891647,0.9522349238395691,0.9097641110420227,0.9871445298194885,0.9883673787117004,0.9918907284736633
380,0.033840857446193695,0.958360493183136,0.9202726483345032,0.991719663143158,0.9866211414337158,0.9928004145622253
381,0.034209683537483215,0.9574408531188965,0.918591320514679,0.9897245168685913,0.988640546798706,0.9928272366523743
382,0.03411192446947098,0.9568219184875488,0.9175809621810913,0.9906647205352783,0.9882035255432129,0.9929883480072021
383,0.035624563694000244,0.9547048807144165,0.9138849973678589,0.9896991848945618,0.9880297183990479,0.9926138520240784
384,0.03412456065416336,0.9574715495109558,0.9187659025192261,0.9899731874465942,0.9881367087364197,0.9927394986152649
385,0.0353616364300251,0.9546529650688171,0.91424959897995,0.9911509156227112,0.9863479137420654,0.9925222992897034
386,0.036651115864515305,0.9529282450675964,0.9109783172607422,0.9882761836051941,0.988572895526886,0.9923301935195923
387,0.0347864031791687,0.955679714679718,0.9157562255859375,0.9914426207542419,0.9868812561035156,0.9927976131439209
388,0.03459738940000534,0.9555622339248657,0.9154914021492004,0.9899213910102844,0.9886530637741089,0.9928959012031555
389,0.03618357330560684,0.9545406103134155,0.9136173129081726,0.9900115728378296,0.986984133720398,0.9923643469810486
390,0.035918477922677994,0.953365683555603,0.9121092557907104,0.9901324510574341,0.9871401190757751,0.9924564361572266
391,0.03837061673402786,0.9483529925346375,0.9038627743721008,0.9887029528617859,0.9871852993965149,0.9920041561126709
392,0.035280533134937286,0.9549250602722168,0.9143460392951965,0.9909072518348694,0.9869674444198608,0.992651641368866
393,0.03401771932840347,0.9563080668449402,0.9168221354484558,0.9892590045928955,0.9898272752761841,0.9930722713470459
394,0.03694349527359009,0.950900673866272,0.9078028798103333,0.9908228516578674,0.9867347478866577,0.9925455451011658
395,0.03285009413957596,0.9594276547431946,0.9222486615180969,0.9914748072624207,0.9874964952468872,0.9930155277252197
396,0.03488986939191818,0.955971896648407,0.9160665273666382,0.9884796142578125,0.9894413948059082,0.9926875829696655
397,0.03652995079755783,0.9521262049674988,0.9102673530578613,0.990495502948761,0.9862990379333496,0.9922916293144226
398,0.03492436930537224,0.9560748934745789,0.9163681268692017,0.9894186854362488,0.9884741306304932,0.9926711916923523
399,0.033044036477804184,0.9574975967407227,0.9189802408218384,0.9906186461448669,0.9893156886100769,0.993346631526947
400,0.035990115255117416,0.9531782269477844,0.9117978811264038,0.9908416271209717,0.9866878390312195,0.9925358891487122
401,0.035292088985443115,0.9552526473999023,0.9148702621459961,0.9887681603431702,0.9887644052505493,0.9925554990768433
402,0.03279327228665352,0.9597392082214355,0.9227340817451477,0.9905250072479248,0.9884016513824463,0.9930092096328735
403,0.03386472910642624,0.9564703702926636,0.917123019695282,0.9904237389564514,0.9886595010757446,0.9930626153945923
404,0.03850952535867691,0.9540271759033203,0.9125154614448547,0.9892141222953796,0.984916627407074,0.9914065003395081
405,0.03377532958984375,0.9569897651672363,0.9179930686950684,0.988493800163269,0.990132212638855,0.9929232001304626
406,0.035396039485931396,0.9541081190109253,0.9131603240966797,0.9903569221496582,0.9876507520675659,0.9927017092704773
407,0.03318697586655617,0.9566622972488403,0.9177021980285645,0.9914264678955078,0.9885255694389343,0.9933460354804993
408,0.03756573051214218,0.9485526084899902,0.904384970664978,0.9891538619995117,0.9880360960960388,0.992437481880188
409,0.035859365016222,0.9512492418289185,0.9087446928024292,0.990886926651001,0.9875715374946594,0.9928484559059143
410,0.03247950226068497,0.9584895372390747,0.9207706451416016,0.9909713268280029,0.9888481497764587,0.9933053255081177
411,0.03815795108675957,0.9492648839950562,0.9052997827529907,0.9899455308914185,0.9860336780548096,0.9920224547386169
412,0.03490712121129036,0.9540823101997375,0.9136673808097839,0.9889838695526123,0.9891049265861511,0.992740273475647
413,0.03739495202898979,0.9497758746147156,0.9069838523864746,0.9903151392936707,0.9858007431030273,0.9920645356178284
414,0.033873386681079865,0.9575269818305969,0.9188529253005981,0.9907978773117065,0.9874850511550903,0.9927902221679688
415,0.038422297686338425,0.9484710693359375,0.9038302302360535,0.9878870844841003,0.9885099530220032,0.992181658744812
416,0.034662678837776184,0.9557048082351685,0.9157039523124695,0.989249050617218,0.9887140393257141,0.9926961064338684
417,0.03400565683841705,0.9567102193832397,0.9177120327949524,0.9920297265052795,0.9861205220222473,0.9927326440811157
418,0.031970854848623276,0.9590884447097778,0.9218427538871765,0.9904014468193054,0.9897982478141785,0.9934371709823608
419,0.03137660399079323,0.961147665977478,0.9253597259521484,0.9905691742897034,0.9895635843276978,0.9934135675430298
420,0.03882962465286255,0.9495604634284973,0.9051723480224609,0.9893768429756165,0.9863150715827942,0.9919315576553345
421,0.03451041132211685,0.9541395306587219,0.9135855436325073,0.9903047680854797,0.9883787035942078,0.9929293394088745
422,0.03576560690999031,0.953870415687561,0.9126011729240417,0.989797830581665,0.9877924919128418,0.9925664067268372
423,0.03427213430404663,0.9560538530349731,0.9164470434188843,0.990648627281189,0.9875587224960327,0.9927662014961243
424,0.03341341391205788,0.9552960395812988,0.9158544540405273,0.9902395009994507,0.9892323613166809,0.9931944608688354
425,0.03271593898534775,0.9583233594894409,0.920577883720398,0.9919794797897339,0.9872798919677734,0.9931076169013977
426,0.03452408313751221,0.9542516469955444,0.9132868051528931,0.9895380139350891,0.9899672865867615,0.9932106137275696
427,0.03220171853899956,0.9583930969238281,0.9206581115722656,0.9910933971405029,0.9889930486679077,0.9933939576148987
428,0.031160911545157433,0.9602766036987305,0.9239912033081055,0.9917607307434082,0.9889553189277649,0.9935999512672424
429,0.031427476555109024,0.9605439901351929,0.9243820905685425,0.9910580515861511,0.9891339540481567,0.9934297204017639
430,0.03237301856279373,0.9585250616073608,0.9207557439804077,0.9899954199790955,0.9900668859481812,0.9933939576148987
431,0.03232165053486824,0.9580584764480591,0.9204615354537964,0.9925132989883423,0.9872881770133972,0.9932850003242493
432,0.0341043584048748,0.9556945562362671,0.9159232974052429,0.988365650177002,0.9905898571014404,0.9930340051651001
433,0.03678112477064133,0.9533599615097046,0.9115681648254395,0.9901082515716553,0.9862221479415894,0.9921391606330872
434,0.032961949706077576,0.9576624035835266,0.9192255139350891,0.9905338287353516,0.9888565540313721,0.9931648373603821
435,0.03151983022689819,0.959854781627655,0.9231426119804382,0.9911428689956665,0.989133358001709,0.9934572577476501
436,0.03035351075232029,0.9613978266716003,0.9259954690933228,0.9917457699775696,0.9895678758621216,0.9938007593154907
437,0.03221385180950165,0.9580283164978027,0.9205188751220703,0.9911977648735046,0.9885179996490479,0.993268609046936
438,0.03370773792266846,0.9555755853652954,0.9156168103218079,0.9901055693626404,0.9896228909492493,0.9932814240455627
439,0.030151521787047386,0.9624503254890442,0.9278397560119629,0.9925051927566528,0.9882730841636658,0.9936143159866333
440,0.034439925104379654,0.9540751576423645,0.9135220646858215,0.9885732531547546,0.9903210401535034,0.9930123686790466
441,0.03365958482027054,0.9546892046928406,0.9145767092704773,0.9918282628059387,0.9875786304473877,0.9931588768959045
442,0.02929208055138588,0.9634665250778198,0.9296392202377319,0.992012083530426,0.9896233081817627,0.9939066767692566
443,0.03115221858024597,0.9608376622200012,0.9250056147575378,0.9902594685554504,0.9897763133049011,0.9933832883834839
444,0.031675297766923904,0.9600189924240112,0.9234585762023926,0.990757942199707,0.9891208410263062,0.9933269619941711
445,0.03101266361773014,0.9605242013931274,0.9244964718818665,0.9918984770774841,0.9885400533676147,0.9935054779052734
446,0.0314185693860054,0.9596250653266907,0.9228259325027466,0.990615963935852,0.9898440837860107,0.9935228824615479
447,0.03044670820236206,0.9605377316474915,0.9245985746383667,0.9918106198310852,0.9895833134651184,0.9938271641731262
448,0.030093902722001076,0.9615147709846497,0.9262520670890808,0.9922745823860168,0.9891985654830933,0.99385005235672
449,0.030901890248060226,0.9605779647827148,0.924572765827179,0.9906570315361023,0.9897807836532593,0.993515133857727
450,0.03051534667611122,0.960643470287323,0.9248369336128235,0.9903646111488342,0.9907839894294739,0.9937549829483032
451,0.0298913661390543,0.9630100131034851,0.9288152456283569,0.9922703504562378,0.9885911345481873,0.9936444759368896
452,0.032741136848926544,0.9569689631462097,0.9182742834091187,0.9898814558982849,0.9897997975349426,0.9932671785354614
453,0.031447842717170715,0.9614197611808777,0.9259335398674011,0.9899470806121826,0.9891704320907593,0.9930778741836548
454,0.03323938325047493,0.9570976495742798,0.9185658693313599,0.9901328086853027,0.9887077212333679,0.9929835200309753
455,0.03276617079973221,0.9578155279159546,0.9195255041122437,0.9909237623214722,0.9887014627456665,0.993240475654602
456,0.028576958924531937,0.9644522666931152,0.9315066337585449,0.9923068284988403,0.9896161556243896,0.9940008521080017
457,0.03075084462761879,0.9594135284423828,0.9228184819221497,0.9916974306106567,0.9896522760391235,0.9938132166862488
458,0.02962568961083889,0.9629114270210266,0.9286841154098511,0.9906148314476013,0.9906357526779175,0.9937875270843506
459,0.03055255487561226,0.9605798721313477,0.9248491525650024,0.9914690852165222,0.9891974925994873,0.9935857057571411
460,0.03364475443959236,0.9571503400802612,0.9184979200363159,0.9890717267990112,0.9890918731689453,0.9927646517753601
461,0.02974788285791874,0.9616352915763855,0.9265298843383789,0.9926525950431824,0.9892196655273438,0.9939810633659363
462,0.030000507831573486,0.9615100622177124,0.9263607263565063,0.9918792843818665,0.9892193078994751,0.9937275052070618
463,0.029503604397177696,0.9633735418319702,0.9295201301574707,0.9890230298042297,0.9917354583740234,0.993631899356842
464,0.03342851623892784,0.9554101228713989,0.916511058807373,0.9937336444854736,0.9846950173377991,0.9928058385848999
465,0.03043178841471672,0.9610326886177063,0.9254089593887329,0.9892609119415283,0.9915421009063721,0.9936456084251404
466,0.0304572731256485,0.960206151008606,0.9240320324897766,0.9916908740997314,0.9895002245903015,0.9937600493431091
467,0.03221398591995239,0.9564369916915894,0.9174240827560425,0.9915024638175964,0.98931485414505,0.9936360716819763
468,0.02918357588350773,0.9635299444198608,0.9298816919326782,0.9902364611625671,0.9909673929214478,0.9937741756439209
469,0.03278340771794319,0.9548540115356445,0.9155910611152649,0.9924975633621216,0.9875771403312683,0.9933773279190063
470,0.03057471476495266,0.9601558446884155,0.9238649606704712,0.9906547665596008,0.9904350638389587,0.9937334656715393
471,0.02862071990966797,0.9639412760734558,0.9306544065475464,0.9918178915977478,0.9900674819946289,0.9939919710159302
472,0.03077811561524868,0.9596121907234192,0.9229844212532043,0.9919449090957642,0.9890307784080505,0.9936856627464294
473,0.030973177403211594,0.9589011073112488,0.9217974543571472,0.9910392761230469,0.9903297424316406,0.9938243627548218
474,0.029864389449357986,0.9619362950325012,0.9271289110183716,0.9918439984321594,0.9889944791793823,0.9936403632164001
475,0.030632060021162033,0.9596865773200989,0.9234302639961243,0.9904839396476746,0.9906067848205566,0.9937348961830139
476,0.02946416661143303,0.9627920389175415,0.9285789728164673,0.9926602840423584,0.9885657429695129,0.9937636256217957
477,0.027535974979400635,0.9652485847473145,0.9329924583435059,0.9912089109420776,0.99173903465271,0.994351327419281
478,0.030404414981603622,0.9614076614379883,0.9259973764419556,0.9915246963500977,0.9892840385437012,0.9936330318450928
479,0.028701335191726685,0.9630544781684875,0.9290591478347778,0.9917281270027161,0.9905561804771423,0.9941262602806091
480,0.030109142884612083,0.9606298208236694,0.925102710723877,0.9921966791152954,0.9888504147529602,0.993707537651062
481,0.03131615370512009,0.958511471748352,0.9209085702896118,0.9897287487983704,0.9915380477905273,0.9937979578971863
482,0.030857527628540993,0.9587463140487671,0.9218165278434753,0.9913455247879028,0.9894992709159851,0.993646502494812
483,0.03344162553548813,0.9521774053573608,0.9118108749389648,0.9920727014541626,0.9875481128692627,0.993228554725647
484,0.028343070298433304,0.9638767242431641,0.9306161999702454,0.991466760635376,0.9906342029571533,0.994066596031189
485,0.028760205954313278,0.9637683629989624,0.9303634762763977,0.9909552335739136,0.9905944466590881,0.9938853979110718
486,0.029480690136551857,0.96198970079422,0.9272360801696777,0.9918282628059387,0.9896175861358643,0.9938444495201111
487,0.028646275401115417,0.9615908861160278,0.9271420240402222,0.9926384091377258,0.9899725317955017,0.994229257106781
488,0.03177471458911896,0.9561122059822083,0.9175013303756714,0.9896604418754578,0.9911685585975647,0.9936522245407104
489,0.032090894877910614,0.9560312032699585,0.9173527956008911,0.9929054975509644,0.9873926043510437,0.9934484958648682
490,0.029908979311585426,0.9605580568313599,0.9254670143127441,0.9908312559127808,0.9897104501724243,0.9935486912727356
491,0.03287424519658089,0.9562216997146606,0.9171503782272339,0.9905645847320557,0.9889591932296753,0.9932093024253845
492,0.02854694053530693,0.9632351994514465,0.9295656085014343,0.9913527965545654,0.9906916618347168,0.9940484166145325
493,0.02932303585112095,0.9619653820991516,0.9272918701171875,0.9921863079071045,0.989453136920929,0.9939066767692566
494,0.03593268617987633,0.9475990533828735,0.9032058715820312,0.9903826713562012,0.9884757399559021,0.9929874539375305
495,0.030082300305366516,0.9624965786933899,0.9279962778091431,0.9891619086265564,0.9913544058799744,0.9935504794120789
496,0.027847060933709145,0.9644486308097839,0.9317005276679993,0.9926533699035645,0.9896321892738342,0.9941198825836182
497,0.02910623513162136,0.9613279104232788,0.9260872006416321,0.9925094246864319,0.9899678826332092,0.9941853880882263
498,0.02727084420621395,0.9655235409736633,0.9336596727371216,0.9915066957473755,0.9910423159599304,0.99421626329422
499,0.028874125331640244,0.9623821973800659,0.9279230237007141,0.9929185509681702,0.9891767501831055,0.9940537810325623
