,loss,dice_coef,jacard,recall_4,precision_4,accuracy
0,0.7663652300834656,0.369577556848526,0.22731342911720276,0.3767431676387787,0.30748221278190613,0.5070587396621704
1,0.707329511642456,0.39904338121414185,0.24975796043872833,0.442065566778183,0.3775683343410492,0.569045901298523
2,0.6576575040817261,0.42626437544822693,0.2715292274951935,0.5076844692230225,0.4484221935272217,0.625951886177063
3,0.610936164855957,0.45588308572769165,0.29579266905784607,0.5759260058403015,0.5168728828430176,0.6776618957519531
4,0.5663304328918457,0.48559555411338806,0.3213532865047455,0.6444329023361206,0.5811057090759277,0.7253185510635376
5,0.5217954516410828,0.5170372724533081,0.3492516875267029,0.7049911022186279,0.6400624513626099,0.7684083580970764
6,0.47696003317832947,0.5488871335983276,0.3792758584022522,0.7580538988113403,0.6953978538513184,0.8077513575553894
7,0.4445856213569641,0.5740847587585449,0.4039462208747864,0.7851987481117249,0.7291150093078613,0.830349326133728
8,0.41144171357154846,0.5988584756851196,0.4291781485080719,0.8089461922645569,0.7647044658660889,0.8526425957679749
9,0.38092175126075745,0.6250417232513428,0.45548224449157715,0.826432466506958,0.7981880903244019,0.8718816041946411
10,0.35468921065330505,0.6463364958763123,0.4781036972999573,0.8408446907997131,0.8264450430870056,0.8875519037246704
11,0.33116811513900757,0.6656023859977722,0.4996974468231201,0.8543871641159058,0.848156750202179,0.8999988436698914
12,0.31666964292526245,0.6794551610946655,0.5153383016586304,0.856804370880127,0.8575747013092041,0.9043792486190796
13,0.29709872603416443,0.6973444819450378,0.5358554720878601,0.869722306728363,0.871924638748169,0.913577675819397
14,0.28567031025886536,0.7054716348648071,0.5466694235801697,0.8725055456161499,0.8801761269569397,0.9175149202346802
15,0.2733429968357086,0.719150960445404,0.5623478889465332,0.879784882068634,0.8848700523376465,0.9213970303535461
16,0.2603304386138916,0.7297648191452026,0.575884222984314,0.8844496607780457,0.8941704034805298,0.9262381196022034
17,0.25581225752830505,0.7347389459609985,0.582564651966095,0.8830567002296448,0.8969131708145142,0.9268382787704468
18,0.23516397178173065,0.7555186748504639,0.6076115965843201,0.8974552750587463,0.9073412418365479,0.934958279132843
19,0.2337953746318817,0.7569184303283691,0.6106003522872925,0.8951120972633362,0.9034450650215149,0.9328286647796631
20,0.21849098801612854,0.7719489336013794,0.6294124126434326,0.905902087688446,0.9140350222587585,0.9399473667144775
21,0.23205344378948212,0.7599602341651917,0.6164801120758057,0.8846478462219238,0.8997602462768555,0.9283552765846252
22,0.20490705966949463,0.7853890657424927,0.6470731496810913,0.9055167436599731,0.9237836599349976,0.9433320164680481
23,0.20206153392791748,0.7880648970603943,0.651297926902771,0.9063053131103516,0.9207420349121094,0.9424888491630554
24,0.20601153373718262,0.7869585156440735,0.6494548916816711,0.8999317288398743,0.9180085062980652,0.9395630955696106
25,0.18743085861206055,0.802449107170105,0.67080157995224,0.9173405170440674,0.9281498789787292,0.9485300779342651
26,0.1887131929397583,0.7998547554016113,0.6677544713020325,0.9109996557235718,0.9277727603912354,0.9464370608329773
27,0.18175682425498962,0.8077915906906128,0.6786483526229858,0.915483295917511,0.9290754795074463,0.9482852816581726
28,0.17368343472480774,0.8163321614265442,0.6908104419708252,0.9203606247901917,0.9328047037124634,0.9511206150054932
29,0.16538730263710022,0.8238387107849121,0.7009727954864502,0.9241760969161987,0.9387103915214539,0.9543941617012024
30,0.16762490570545197,0.8238095045089722,0.7010672092437744,0.9225637316703796,0.9325767159461975,0.9517243504524231
31,0.1615607738494873,0.8299269676208496,0.7101593017578125,0.9270378947257996,0.9356104135513306,0.9541941285133362
32,0.16146737337112427,0.8296687006950378,0.7100282907485962,0.923570990562439,0.9353731870651245,0.9530289769172668
33,0.16848406195640564,0.8247483372688293,0.7036339044570923,0.9161909818649292,0.9292354583740234,0.9485610723495483
34,0.146198108792305,0.8433672785758972,0.7296357750892639,0.9337592124938965,0.9452245831489563,0.9596903324127197
35,0.14311149716377258,0.8467426300048828,0.7344510555267334,0.9358890652656555,0.946563184261322,0.960831344127655
36,0.14332158863544464,0.847382664680481,0.7357672452926636,0.9357102513313293,0.9435006976127625,0.9597001671791077
37,0.14210444688796997,0.8486825227737427,0.737570583820343,0.9332444071769714,0.945064127445221,0.9594717621803284
38,0.15090832114219666,0.8414705991744995,0.7276268005371094,0.9303939938545227,0.935158908367157,0.9550800323486328
39,0.15076804161071777,0.8408371210098267,0.7277461290359497,0.9275105595588684,0.937843918800354,0.9551323056221008
40,0.15623250603675842,0.8364459276199341,0.7230919003486633,0.925545871257782,0.9294911026954651,0.9515475034713745
41,0.15020586550235748,0.8408247232437134,0.7278591394424438,0.9238651990890503,0.939849317073822,0.9546962976455688
42,0.1507662683725357,0.8415485620498657,0.7277277708053589,0.9220576882362366,0.9399152994155884,0.9541527032852173
43,0.13568666577339172,0.8558472394943237,0.7486131191253662,0.9360291361808777,0.9482001662254333,0.9614474177360535
44,0.1284433752298355,0.8618348240852356,0.7576422095298767,0.9405834078788757,0.9522885084152222,0.9643157720565796
45,0.13984781503677368,0.8540000915527344,0.7459496259689331,0.9271187782287598,0.9499861598014832,0.9592417478561401
46,0.12600211799144745,0.8635327219963074,0.7605618238449097,0.9424782395362854,0.9513484239578247,0.9645910859107971
47,0.13042697310447693,0.8611796498298645,0.7572161555290222,0.9412466883659363,0.9466805458068848,0.9625657200813293
48,0.1408681571483612,0.8513513803482056,0.7451909780502319,0.9368218779563904,0.935926079750061,0.9573586583137512
49,0.12864604592323303,0.8618895411491394,0.7582859396934509,0.9389482736587524,0.9496601819992065,0.9628816246986389
50,0.12640634179115295,0.8636837005615234,0.7607873678207397,0.9378772974014282,0.9535112977027893,0.9638778567314148
51,0.12145920842885971,0.8680968284606934,0.7678513526916504,0.9447603225708008,0.9530282020568848,0.96590256690979
52,0.12342419475317001,0.8656021356582642,0.7647599577903748,0.9449167251586914,0.9492698907852173,0.9646376371383667
53,0.11441466957330704,0.8748806715011597,0.7782050967216492,0.9512830376625061,0.9538814425468445,0.9682786464691162
54,0.12783215939998627,0.8642484545707703,0.7624152898788452,0.9409528374671936,0.9454900026321411,0.962053656578064
55,0.11292199790477753,0.8767470121383667,0.7809892892837524,0.9492314457893372,0.957672655582428,0.9689441919326782
56,0.11957548558712006,0.8705739974975586,0.7719315886497498,0.9467310905456543,0.9507383108139038,0.965728759765625
57,0.10950271040201187,0.8792861104011536,0.7852748036384583,0.9539975523948669,0.9558315277099609,0.9698272943496704
58,0.11113768815994263,0.8789633512496948,0.7847295999526978,0.9523699879646301,0.9561251401901245,0.9694098234176636
59,0.11720919609069824,0.8712531328201294,0.7747972011566162,0.9488529562950134,0.9501652717590332,0.9662010073661804
60,0.11238814890384674,0.8785605430603027,0.7853425741195679,0.9535267949104309,0.952237606048584,0.9684158563613892
61,0.1054132953286171,0.8849499821662903,0.794123649597168,0.9553365707397461,0.9589294195175171,0.9713364839553833
62,0.10071218013763428,0.8886739611625671,0.7999679446220398,0.9592841863632202,0.9607149958610535,0.9732247591018677
63,0.11968468129634857,0.873381495475769,0.7763861417770386,0.9439554810523987,0.9507103562355042,0.9648374915122986
64,0.11035571992397308,0.879318356513977,0.786028265953064,0.9522724151611328,0.9549381732940674,0.9689639806747437
65,0.11753703653812408,0.8726361989974976,0.7758468389511108,0.9448142051696777,0.9527001976966858,0.9658054113388062
66,0.10174977779388428,0.8873429298400879,0.7981531023979187,0.9551710486412048,0.9613806009292603,0.972133994102478
67,0.12301480770111084,0.8676114082336426,0.7698158621788025,0.9427637457847595,0.9470632672309875,0.9631800055503845
68,0.10159270465373993,0.8870641589164734,0.7977262735366821,0.9589368104934692,0.9600422382354736,0.9728788733482361
69,0.10793149471282959,0.8831653594970703,0.7912887930870056,0.9533354640007019,0.9558964371681213,0.969638466835022
70,0.10368063300848007,0.8851299285888672,0.7956862449645996,0.9575677514076233,0.9569018483161926,0.9713431000709534
71,0.09372131526470184,0.8954100608825684,0.810867428779602,0.9629473686218262,0.9629404544830322,0.9751774072647095
72,0.10153808444738388,0.8877449035644531,0.7990174889564514,0.95710688829422,0.9589880704879761,0.9719244837760925
73,0.10203101485967636,0.8872562646865845,0.7992450594902039,0.9602253437042236,0.9546881914138794,0.971413791179657
74,0.09114298224449158,0.8981553912162781,0.8155547380447388,0.9646949172019958,0.963907778263092,0.9760769009590149
75,0.10235656797885895,0.8858978152275085,0.7971100807189941,0.955271303653717,0.9590458869934082,0.9713560938835144
76,0.09796513617038727,0.8906208872795105,0.804179847240448,0.9608361721038818,0.9596244692802429,0.9733426570892334
77,0.08837681263685226,0.9002497792243958,0.818891167640686,0.9652063250541687,0.9665126204490662,0.9771456122398376
78,0.10116680711507797,0.8902848958969116,0.8028525114059448,0.9554356336593628,0.9599305987358093,0.9717162847518921
79,0.09736845642328262,0.8925634622573853,0.8069780468940735,0.9604291915893555,0.9591023325920105,0.9730295538902283
80,0.08586303889751434,0.9023281931877136,0.8225982785224915,0.9680604934692383,0.9666212201118469,0.9781062006950378
81,0.0841086357831955,0.9043865203857422,0.825698971748352,0.9680795073509216,0.9682474732398987,0.9786757230758667
82,0.10189255326986313,0.8909510374069214,0.804269015789032,0.9522667527198792,0.9605432748794556,0.9709111452102661
83,0.10074111074209213,0.8902081251144409,0.8041672706604004,0.9587746858596802,0.9551730155944824,0.9711217284202576
84,0.09400215744972229,0.8943774104118347,0.8108898997306824,0.9603118896484375,0.9635445475578308,0.9745380282402039
85,0.09460055083036423,0.8960539698600769,0.8126260638237,0.9609732031822205,0.9617165923118591,0.9741162657737732
86,0.0843551978468895,0.9045066833496094,0.8266223669052124,0.9713103175163269,0.9641553163528442,0.9782962799072266
87,0.08631296455860138,0.9023405909538269,0.8228970766067505,0.9669519066810608,0.9660446047782898,0.9775477051734924
88,0.08622010797262192,0.9027996063232422,0.8234685659408569,0.9657146334648132,0.9664172530174255,0.9772769808769226
89,0.09830702096223831,0.8897771835327148,0.8044012188911438,0.9580658674240112,0.9587541818618774,0.9721502661705017
90,0.09076200425624847,0.8988367319107056,0.8171160817146301,0.9635924100875854,0.9637783169746399,0.9756764769554138
91,0.0874052569270134,0.9017763137817383,0.8221524357795715,0.967199444770813,0.9646713137626648,0.9771503210067749
92,0.08637364208698273,0.9034894704818726,0.8246261477470398,0.9676398634910583,0.964429497718811,0.9772081971168518
93,0.09146162122488022,0.8949441909790039,0.8132590055465698,0.9670552015304565,0.9604998230934143,0.9756456017494202
94,0.09684797376394272,0.8916328549385071,0.806259274482727,0.9598464369773865,0.9596788287162781,0.9730440974235535
95,0.08355871587991714,0.9041686058044434,0.8258568644523621,0.9680965542793274,0.9681259989738464,0.9786392450332642
96,0.08932594954967499,0.9003586769104004,0.8196937441825867,0.9628843665122986,0.9646496176719666,0.9757505059242249
97,0.08985517919063568,0.8970776796340942,0.8154724836349487,0.9654428362846375,0.9630439877510071,0.9760171175003052
98,0.08986631780862808,0.8991594314575195,0.818496823310852,0.9623088240623474,0.9659076929092407,0.9759999513626099
99,0.11113569885492325,0.8833311796188354,0.793892502784729,0.9431942701339722,0.9578237533569336,0.9670635461807251
100,0.08640726655721664,0.8999382853507996,0.8214387893676758,0.9699796438217163,0.9622143507003784,0.97718745470047
101,0.08129676431417465,0.9076407551765442,0.8313533067703247,0.971297025680542,0.9673241972923279,0.9793973565101624
102,0.07864337414503098,0.909365177154541,0.8344495892524719,0.9716299772262573,0.9695098400115967,0.9802635312080383
103,0.09013845026493073,0.8964256048202515,0.8156024217605591,0.9683327078819275,0.9592605829238892,0.9756196141242981
104,0.09089026600122452,0.8953312635421753,0.8140796422958374,0.9661637544631958,0.9610636830329895,0.9755569696426392
105,0.07696808129549026,0.9115058779716492,0.8380915522575378,0.9741455316543579,0.9689502120018005,0.9808852076530457
106,0.07672405987977982,0.9099093675613403,0.8363664746284485,0.9741147756576538,0.9698718786239624,0.9811952114105225
107,0.07237905263900757,0.9161872863769531,0.8456279039382935,0.9752522110939026,0.9730062484741211,0.9826492071151733
108,0.08202741295099258,0.9043830037117004,0.8280378580093384,0.9692594408988953,0.9682602882385254,0.9790623784065247
109,0.07504458725452423,0.9138352274894714,0.8417550921440125,0.9730696082115173,0.971246600151062,0.9813316464424133
110,0.08896424621343613,0.9015110731124878,0.8217042684555054,0.9639101624488831,0.9643674492835999,0.9759835600852966
111,0.07731864601373672,0.9107266664505005,0.8375400304794312,0.9743254780769348,0.968044638633728,0.9806284308433533
112,0.08530160039663315,0.9023310542106628,0.8250638246536255,0.9679356217384338,0.9641806483268738,0.9772168397903442
113,0.07736450433731079,0.9101270437240601,0.8366152048110962,0.9731162786483765,0.9691473841667175,0.9806199669837952
114,0.0754099041223526,0.9137481451034546,0.841592013835907,0.9710984826087952,0.9733429551124573,0.9814122319221497
115,0.08259238302707672,0.9058173298835754,0.829197883605957,0.9678087830543518,0.9668592214584351,0.9781073331832886
116,0.07604758441448212,0.9108783602714539,0.837431788444519,0.973177433013916,0.9710057377815247,0.98128342628479
117,0.07535003870725632,0.9140610694885254,0.8423260450363159,0.9736523628234863,0.9692103266716003,0.9808156490325928
118,0.0741286426782608,0.914991021156311,0.8439699411392212,0.9764431715011597,0.9687899947166443,0.9815742373466492
119,0.07327459007501602,0.9160072207450867,0.8454689979553223,0.9738755822181702,0.9712285399436951,0.9815873503684998
120,0.0717802345752716,0.9165757894515991,0.8465672731399536,0.9753049612045288,0.9725450277328491,0.9825071692466736
121,0.08196376264095306,0.9052290916442871,0.8292838931083679,0.9689887762069702,0.9658941626548767,0.9781535863876343
122,0.07432842254638672,0.9147905111312866,0.8434110879898071,0.9724553227424622,0.9713361263275146,0.9811629056930542
123,0.08554701507091522,0.9063698649406433,0.8293753862380981,0.9621930122375488,0.9684252738952637,0.9768298864364624
124,0.07755394279956818,0.9111562967300415,0.8380748629570007,0.9734838008880615,0.967426598072052,0.9801406860351562
125,0.07009442150592804,0.9190226793289185,0.8506555557250977,0.9774534106254578,0.9717626571655273,0.9829354882240295
126,0.0720195323228836,0.9186403155326843,0.8496359586715698,0.9750589728355408,0.9720388054847717,0.9822522401809692
127,0.08288262039422989,0.9053395986557007,0.8306002616882324,0.9713281393051147,0.9634334444999695,0.9780492186546326
128,0.07314404845237732,0.9141667485237122,0.8435077667236328,0.9767218232154846,0.9693819284439087,0.9818707704544067
129,0.06938524544239044,0.9190634489059448,0.8508397936820984,0.9761618375778198,0.9740041494369507,0.9832897186279297
130,0.07396753132343292,0.9142292141914368,0.8430742025375366,0.9730175733566284,0.9719655513763428,0.9815629124641418
131,0.06748349219560623,0.9215137362480164,0.8548954129219055,0.9780513644218445,0.9736113548278809,0.9837700128555298
132,0.06561944633722305,0.9230951070785522,0.8575741052627563,0.9803208708763123,0.9740484356880188,0.9846608638763428
133,0.06819699704647064,0.919518768787384,0.8518721461296082,0.9781701564788818,0.9730713963508606,0.9836219549179077
134,0.06881687045097351,0.9198580980300903,0.8523257970809937,0.9763535857200623,0.9738815426826477,0.9833099246025085
135,0.07223045825958252,0.9150660634040833,0.8459113836288452,0.9762590527534485,0.9693788290023804,0.9817196130752563
136,0.07162735611200333,0.9157025218009949,0.8460708856582642,0.9748862385749817,0.9724488258361816,0.9823377132415771
137,0.08349688351154327,0.9021723866462708,0.8263667821884155,0.9704910516738892,0.9626810550689697,0.9775158166885376
138,0.07745559513568878,0.9084368944168091,0.8346859216690063,0.9715627431869507,0.9699899554252625,0.9804078340530396
139,0.07591621577739716,0.9142929315567017,0.8429785966873169,0.9721534848213196,0.9699811935424805,0.9805965423583984
140,0.06768618524074554,0.9214498400688171,0.8547504544258118,0.9770179390907288,0.9740665555000305,0.983590304851532
141,0.07374440133571625,0.9136614799499512,0.842860221862793,0.9743649363517761,0.9698654413223267,0.9812741875648499
142,0.06927155703306198,0.919255256652832,0.8515757322311401,0.9773508906364441,0.9719630479812622,0.9829715490341187
143,0.0680105909705162,0.9203511476516724,0.8534528613090515,0.9797954559326172,0.9705827236175537,0.9832865595817566
144,0.06937659531831741,0.9209084510803223,0.8535974621772766,0.9747936129570007,0.9744269847869873,0.9829891324043274
145,0.06584570556879044,0.9233722686767578,0.8580043911933899,0.978123128414154,0.9751432538032532,0.9843219518661499
146,0.07532010972499847,0.9132894277572632,0.8419391512870789,0.9700669646263123,0.972367525100708,0.9807413816452026
147,0.07983555644750595,0.9111781120300293,0.838204562664032,0.9697871804237366,0.966594934463501,0.9786553978919983
148,0.06701280921697617,0.9223969578742981,0.8566964268684387,0.9794158339500427,0.9714791774749756,0.9834750890731812
149,0.07297015935182571,0.9155851602554321,0.8457421064376831,0.9742051362991333,0.9710997343063354,0.9816499352455139
150,0.06346525996923447,0.9251071214675903,0.8610742688179016,0.9792184233665466,0.9771994352340698,0.9853871464729309
151,0.0697653591632843,0.9185895919799805,0.850530743598938,0.9756345152854919,0.9736598134040833,0.9829991459846497
152,0.06507615745067596,0.9228469133377075,0.8577752113342285,0.9810596704483032,0.9731085896492004,0.9845759272575378
153,0.06985428929328918,0.918182373046875,0.8503903150558472,0.9790486693382263,0.968696117401123,0.9823859930038452
154,0.05891989916563034,0.9299302101135254,0.8692658543586731,0.9829203486442566,0.9777247905731201,0.9867791533470154
155,0.06893731653690338,0.918662428855896,0.8510638475418091,0.9777848124504089,0.9715842604637146,0.9829813838005066
156,0.0644795149564743,0.9232598543167114,0.8588405847549438,0.9807635545730591,0.9733977317810059,0.9845797419548035
157,0.06314206123352051,0.9244268536567688,0.8614349365234375,0.9816633462905884,0.9746443629264832,0.9853048920631409
158,0.0654820054769516,0.9222699999809265,0.8570916056632996,0.9793163537979126,0.9738948941230774,0.9842802882194519
159,0.06893755495548248,0.9180582761764526,0.8503586649894714,0.9750342965126038,0.9742516279220581,0.9830073118209839
160,0.07011936604976654,0.9208033680915833,0.8539279103279114,0.9738699197769165,0.974463701248169,0.9827004671096802
161,0.05913693457841873,0.9300826787948608,0.8695591688156128,0.9838470816612244,0.9761347770690918,0.9865334630012512
162,0.07033053040504456,0.9165244102478027,0.8481978178024292,0.9753000140190125,0.9733736515045166,0.982791543006897
163,0.06678585708141327,0.9208539724349976,0.854356586933136,0.977632999420166,0.9748764038085938,0.9840700626373291
164,0.06311611086130142,0.9244071841239929,0.8606202006340027,0.9808633923530579,0.9752098917961121,0.9852393865585327
165,0.05897841602563858,0.929979145526886,0.8696072697639465,0.9830118417739868,0.9767405390739441,0.9864698052406311
166,0.05964729189872742,0.9284084439277649,0.8672456741333008,0.9834758043289185,0.9759097099304199,0.9863343834877014
167,0.0647440031170845,0.922783374786377,0.8580962419509888,0.9785323739051819,0.9754154086112976,0.984549343585968
168,0.06466283649206161,0.9242574572563171,0.8603010177612305,0.9781052470207214,0.9755800366401672,0.984466552734375
169,0.06477664411067963,0.9231869578361511,0.8584502935409546,0.9802070260047913,0.9732274413108826,0.9843394160270691
170,0.07667898386716843,0.9105269312858582,0.8385227918624878,0.974852442741394,0.9648175239562988,0.9796709418296814
171,0.06142605468630791,0.9258018732070923,0.8631700277328491,0.981672465801239,0.9762272238731384,0.9858548641204834
172,0.06727790087461472,0.9211004972457886,0.8549334406852722,0.976677417755127,0.9749773144721985,0.9837930202484131
173,0.06313194334506989,0.924427330493927,0.8607021570205688,0.9812430739402771,0.9745308756828308,0.9851285219192505
174,0.0656360611319542,0.9229717254638672,0.8576887845993042,0.9771550297737122,0.9756186008453369,0.9841695427894592
175,0.060958147048950195,0.927259624004364,0.8654409646987915,0.9820596575737,0.9752249717712402,0.9856351017951965
176,0.06395991146564484,0.9248675107955933,0.8610765337944031,0.9798793792724609,0.973479688167572,0.9843200445175171
177,0.056671492755413055,0.9327791333198547,0.874313235282898,0.9838102459907532,0.977662205696106,0.987048864364624
178,0.06732035428285599,0.9235419034957886,0.8585915565490723,0.9730175733566284,0.9766523838043213,0.9831719994544983
179,0.0624934546649456,0.9234375953674316,0.8592903017997742,0.980262041091919,0.9771444201469421,0.9857096076011658
180,0.06006840616464615,0.9267644882202148,0.8652194142341614,0.9827460646629333,0.9760604500770569,0.9861480593681335
181,0.0711107850074768,0.9213131070137024,0.8549736738204956,0.9739401340484619,0.9717439413070679,0.9817864894866943
182,0.057892680168151855,0.9310603141784668,0.8716222047805786,0.9839165210723877,0.9765118956565857,0.9866865873336792
183,0.06527088582515717,0.9211281538009644,0.8558233380317688,0.9815768003463745,0.9713200926780701,0.9841222167015076
184,0.05788534879684448,0.9313380122184753,0.8719728589057922,0.9814358949661255,0.9789254665374756,0.9867056608200073
185,0.05660320073366165,0.9326132535934448,0.8739687204360962,0.982711136341095,0.9791681170463562,0.9872068762779236
186,0.05921825021505356,0.9286349415779114,0.8682085275650024,0.982646644115448,0.9762219190597534,0.9861713647842407
187,0.057160668075084686,0.9323675036430359,0.8737822771072388,0.9829123616218567,0.9778117537498474,0.9868065118789673
188,0.059653569012880325,0.9288352131843567,0.8680605888366699,0.9829385876655579,0.9754913449287415,0.986014187335968
189,0.05751752853393555,0.9318405985832214,0.8728510141372681,0.9827802777290344,0.9778609275817871,0.9867801666259766
190,0.05802745744585991,0.9302506446838379,0.8709813356399536,0.9820809364318848,0.9777076244354248,0.9864985346794128
191,0.06378713250160217,0.9221561551094055,0.8580223321914673,0.9786078929901123,0.9761630892753601,0.9848313927650452
192,0.061808906495571136,0.9246174693107605,0.8618841171264648,0.9801974892616272,0.9767318964004517,0.9855466485023499
193,0.054724741727113724,0.9340898394584656,0.8768795728683472,0.984268844127655,0.979197084903717,0.9877274632453918
194,0.05110103636980057,0.9384288787841797,0.884125828742981,0.986270010471344,0.9810778498649597,0.9890301823616028
195,0.06514166295528412,0.9244705438613892,0.8603108525276184,0.9779898524284363,0.9743090271949768,0.9839908480644226
196,0.05796348303556442,0.9313464164733887,0.872117817401886,0.9823983311653137,0.9766777157783508,0.9862474799156189
197,0.07280624657869339,0.922257125377655,0.8566733598709106,0.9693004488945007,0.9743341207504272,0.9811658263206482
198,0.06362953037023544,0.9248003959655762,0.8620589375495911,0.9806185364723206,0.972493052482605,0.9842185974121094
199,0.06326117366552353,0.92266446352005,0.8591777086257935,0.9834522604942322,0.9709420800209045,0.9845998287200928
200,0.05347311496734619,0.9367309808731079,0.8811753988265991,0.9848493337631226,0.9789478182792664,0.9878320097923279
201,0.062269795686006546,0.9238988161087036,0.8613269925117493,0.9802335500717163,0.9755071401596069,0.9851363897323608
202,0.058956652879714966,0.9284642338752747,0.8677595257759094,0.9801796674728394,0.9799274206161499,0.9866368770599365
203,0.06621004641056061,0.9230695962905884,0.8581596612930298,0.9777145981788635,0.9733666181564331,0.983575701713562
204,0.05769912526011467,0.9300206303596497,0.8702492713928223,0.9837794899940491,0.9772437810897827,0.9868944883346558
205,0.057968057692050934,0.9297217130661011,0.8703007698059082,0.9841135740280151,0.9756050705909729,0.986437201499939
206,0.05256560444831848,0.9359987378120422,0.8802134394645691,0.9850247502326965,0.9804171323776245,0.988394558429718
207,0.059563376009464264,0.9278338551521301,0.8669325113296509,0.980713427066803,0.9784337878227234,0.9863002896308899
208,0.05825793743133545,0.9298170208930969,0.8700394630432129,0.9810931086540222,0.9786598086357117,0.9865022301673889
209,0.05644578859210014,0.9323427081108093,0.8743699789047241,0.9845501780509949,0.9759838581085205,0.9867109656333923
210,0.05735297128558159,0.9301942586898804,0.8710764646530151,0.9858071804046631,0.9748799800872803,0.9867385625839233
211,0.050742633640766144,0.938720703125,0.8847439885139465,0.9843451976776123,0.9826741814613342,0.988943874835968
212,0.05140722543001175,0.9384369850158691,0.8843209147453308,0.9853121638298035,0.980835497379303,0.9886324405670166
213,0.0505266971886158,0.9389165043830872,0.8853713274002075,0.9865175485610962,0.980034589767456,0.9887530207633972
214,0.055443406105041504,0.9325010180473328,0.8747280836105347,0.9833896160125732,0.9794098734855652,0.9875123500823975
215,0.054885685443878174,0.9329158663749695,0.8756170272827148,0.9839457869529724,0.9795871376991272,0.9877555966377258
216,0.0491061806678772,0.9404293298721313,0.8878961801528931,0.986436665058136,0.9820510149002075,0.9894186854362488
217,0.05473078414797783,0.9324221611022949,0.874954879283905,0.9850406646728516,0.9783560037612915,0.9876908659934998
218,0.05848907679319382,0.9304118156433105,0.8716388940811157,0.9827221632003784,0.9756894111633301,0.9860120415687561
219,0.05354378744959831,0.934539794921875,0.8777478337287903,0.9849032759666443,0.9801909923553467,0.9882770776748657
220,0.051881350576877594,0.936810314655304,0.8820064663887024,0.9856162667274475,0.9799660444259644,0.9884337186813354
221,0.055266838520765305,0.9312664270401001,0.8736111521720886,0.9842976927757263,0.9780717492103577,0.9873495697975159
222,0.06451739370822906,0.9203141331672668,0.8566240072250366,0.977902889251709,0.9751175045967102,0.984241247177124
223,0.05295727401971817,0.9351931810379028,0.8793836832046509,0.984022855758667,0.9799742698669434,0.9879137873649597
224,0.05198024585843086,0.9367373585700989,0.8816008567810059,0.9862084984779358,0.9794660210609436,0.9884559512138367
225,0.04814630001783371,0.9425005912780762,0.8914376497268677,0.9870365262031555,0.9806647896766663,0.9891400933265686
226,0.05488786846399307,0.931553065776825,0.8743970990180969,0.9859142899513245,0.9759389162063599,0.9871410131454468
227,0.061247773468494415,0.9282736778259277,0.8668895959854126,0.9800912141799927,0.9763780832290649,0.9853900671005249
228,0.05179392173886299,0.9371169209480286,0.8826112747192383,0.9853987097740173,0.9795522689819336,0.9882200956344604
229,0.04945708066225052,0.9409545660018921,0.8887574076652527,0.984047532081604,0.9824544787406921,0.9887709021568298
230,0.05745025351643562,0.9282644987106323,0.8688084483146667,0.9821067452430725,0.9775921702384949,0.9864672422409058
231,0.059844087809324265,0.9268115758895874,0.8663356900215149,0.9828846454620361,0.9736036658287048,0.985342264175415
232,0.0502137765288353,0.9388735890388489,0.8855498433113098,0.9858117699623108,0.980584979057312,0.9887105226516724
233,0.047561876475811005,0.9427720308303833,0.8919984698295593,0.9866750836372375,0.9816928505897522,0.9893742799758911
234,0.04602885618805885,0.9434563517570496,0.8933464884757996,0.9877206087112427,0.9829109311103821,0.9901355504989624
235,0.049079034477472305,0.9383932948112488,0.8851593732833862,0.9873554110527039,0.9811378121376038,0.9894073605537415
236,0.05230098217725754,0.9364773631095886,0.881693959236145,0.9850015640258789,0.9796414971351624,0.9881204962730408
237,0.04601869732141495,0.9438886642456055,0.8940062522888184,0.9867867231369019,0.9837175607681274,0.9901039004325867
238,0.04839120805263519,0.9415713548660278,0.8900157809257507,0.9864594340324402,0.981156587600708,0.9891194701194763
239,0.04988791421055794,0.939042866230011,0.8862598538398743,0.9865649938583374,0.9799327850341797,0.9887335300445557
240,0.04675610736012459,0.9419265985488892,0.8909476399421692,0.9867172241210938,0.9836095571517944,0.9900441765785217
241,0.05286400392651558,0.9362398982048035,0.8809530138969421,0.9837343096733093,0.9798792004585266,0.9877864718437195
242,0.053184568881988525,0.932519793510437,0.8753035664558411,0.9840209484100342,0.981141984462738,0.9883134365081787
243,0.05065267160534859,0.941048800945282,0.8888545036315918,0.9841040968894958,0.9803791046142578,0.988079309463501
244,0.045057397335767746,0.9456100463867188,0.8970586657524109,0.9895380139350891,0.9808677434921265,0.9900313019752502
245,0.04509169980883598,0.9458935856819153,0.8975275158882141,0.9878523945808411,0.9822683334350586,0.9899587035179138
246,0.0531611368060112,0.933178722858429,0.8775311708450317,0.9845908284187317,0.9777138233184814,0.9873220920562744
247,0.04557044804096222,0.944311261177063,0.8948688507080078,0.9873637557029724,0.9829643368721008,0.9900363683700562
248,0.05412576347589493,0.9342833757400513,0.8776031732559204,0.9822142124176025,0.9807732105255127,0.9875938296318054
249,0.057628609240055084,0.9312759637832642,0.8728307485580444,0.9831526875495911,0.9754270911216736,0.9860618710517883
250,0.04686003178358078,0.9430075883865356,0.8929651379585266,0.9892020225524902,0.9789642095565796,0.989264190196991
251,0.05923863500356674,0.9257640838623047,0.8665754199028015,0.9821948409080505,0.974331796169281,0.9853699803352356
252,0.046173032373189926,0.9441091418266296,0.8945704698562622,0.9874256253242493,0.9817832112312317,0.9896519780158997
253,0.047187626361846924,0.9414314031600952,0.8902281522750854,0.985262393951416,0.984425961971283,0.9898432493209839
254,0.04535244032740593,0.9446865320205688,0.895535945892334,0.9880775213241577,0.9825307726860046,0.9901227355003357
255,0.051483847200870514,0.9365550875663757,0.8828941583633423,0.9874184131622314,0.9757787585258484,0.9875767827033997
256,0.04461368918418884,0.9458732604980469,0.8976024389266968,0.9873011112213135,0.9834528565406799,0.9901828765869141
257,0.04810647293925285,0.9401914477348328,0.8880389332771301,0.9851325750350952,0.9835918545722961,0.9895161986351013
258,0.049081116914749146,0.9393407702445984,0.8868550062179565,0.9869036078453064,0.9799901247024536,0.9888643622398376
259,0.049378179013729095,0.9385644197463989,0.8851969838142395,0.9846876263618469,0.9830644726753235,0.9891898036003113
260,0.04384761303663254,0.9465619325637817,0.898816704750061,0.9881572127342224,0.9835851192474365,0.9905100464820862
261,0.04872564226388931,0.9417377710342407,0.8903650045394897,0.9867802262306213,0.9799056649208069,0.9887948632240295
262,0.043658383190631866,0.946915328502655,0.8994864225387573,0.9892817735671997,0.9822679162025452,0.9904286861419678
263,0.04698263108730316,0.9410035014152527,0.8897306323051453,0.9856473803520203,0.9842084050178528,0.9898959994316101
264,0.047154929488897324,0.9422677159309387,0.8915373682975769,0.9872395992279053,0.9808995723724365,0.9892874360084534
265,0.044313572347164154,0.9452778697013855,0.8969935178756714,0.9881534576416016,0.9831848740577698,0.990371823310852
266,0.04571997746825218,0.9442095756530762,0.8947596549987793,0.9873531460762024,0.9832350611686707,0.9901255369186401
267,0.04699479043483734,0.9423467516899109,0.8918596506118774,0.9863132834434509,0.9822697043418884,0.9894530177116394
268,0.04937184602022171,0.9404019117355347,0.8883888125419617,0.9863535165786743,0.9789891839027405,0.9883392453193665
269,0.04480559378862381,0.9448897242546082,0.8960608243942261,0.988292396068573,0.9823424220085144,0.9901288151741028
270,0.04945490509271622,0.9386388659477234,0.8857393264770508,0.9848751425743103,0.9817982316017151,0.9888187646865845
271,0.047977905720472336,0.9400694966316223,0.8878013491630554,0.9856804013252258,0.9833184480667114,0.9896032810211182
272,0.046865880489349365,0.9439563751220703,0.8944724798202515,0.986990213394165,0.980800449848175,0.9891714453697205
273,0.04515906423330307,0.9444490671157837,0.8955883979797363,0.9887323975563049,0.9811776876449585,0.9898733496665955
274,0.0482785739004612,0.9399700164794922,0.8879090547561646,0.9864583015441895,0.9815442562103271,0.9892520904541016
275,0.04578721150755882,0.9420758485794067,0.8920711278915405,0.9874465465545654,0.9828123450279236,0.9900115728378296
276,0.04278998449444771,0.9479295015335083,0.9013491868972778,0.9901868104934692,0.981633186340332,0.9905080199241638
277,0.04723656177520752,0.9411860704421997,0.8908284306526184,0.9859791994094849,0.9822363257408142,0.9893316626548767
278,0.04515940696001053,0.9443873167037964,0.8956551551818848,0.9873512387275696,0.9825136661529541,0.9898779392242432
279,0.04444340988993645,0.9445754289627075,0.8957387804985046,0.9874886870384216,0.9837166666984558,0.9903348088264465
280,0.04648390784859657,0.9419692754745483,0.8916248083114624,0.9849932193756104,0.9845962524414062,0.9898124933242798
281,0.04368608072400093,0.9460535049438477,0.8983622789382935,0.9895551204681396,0.981918215751648,0.9903984069824219
282,0.041912853717803955,0.9488970637321472,0.903099536895752,0.9899206757545471,0.9826275110244751,0.9907623529434204
283,0.04223167896270752,0.948623776435852,0.9024815559387207,0.9879192113876343,0.9849520325660706,0.9908984899520874
284,0.040999751538038254,0.9499049186706543,0.9047966003417969,0.9887183308601379,0.9850306510925293,0.9911889433860779
285,0.044101037085056305,0.9463596343994141,0.898748517036438,0.987424910068512,0.9830370545387268,0.9900814294815063
286,0.04832148551940918,0.941506028175354,0.890335202217102,0.9852164387702942,0.9821522235870361,0.9890520572662354
287,0.047139257192611694,0.9410810470581055,0.8898814916610718,0.9867358207702637,0.9823993444442749,0.9896363615989685
288,0.0472341850399971,0.9423383474349976,0.8920270204544067,0.9880475401878357,0.9794220328330994,0.9890438318252563
289,0.041013479232788086,0.9500792622566223,0.9051181674003601,0.989825427532196,0.983411967754364,0.9910001158714294
290,0.04099144786596298,0.9497483968734741,0.9045332074165344,0.9891883730888367,0.9847394824028015,0.9912444949150085
291,0.0503217950463295,0.9360760450363159,0.882901668548584,0.9857912659645081,0.9786416888237,0.9880352020263672
292,0.04452278092503548,0.9444645643234253,0.896004855632782,0.9893763065338135,0.9810090661048889,0.9900268316268921
293,0.04145758971571922,0.9496576189994812,0.9043061137199402,0.9871352314949036,0.9863346219062805,0.9911105036735535
294,0.042065221816301346,0.9488731622695923,0.9030561447143555,0.9878523945808411,0.9844319224357605,0.9906989932060242
295,0.03921830654144287,0.9521312713623047,0.9088312387466431,0.9905706644058228,0.9843971133232117,0.9915831089019775
296,0.041213467717170715,0.9493905901908875,0.9039477109909058,0.9883159399032593,0.9851051568984985,0.9910815954208374
297,0.04272838681936264,0.9471918344497681,0.9003534317016602,0.9879438877105713,0.9840156435966492,0.9905869960784912
298,0.043331991881132126,0.9467682838439941,0.8996331095695496,0.9890338182449341,0.9825143814086914,0.9904317259788513
299,0.04250334948301315,0.9482275247573853,0.9020326733589172,0.9884184002876282,0.983915388584137,0.9907090663909912
300,0.04011862725019455,0.9509426355361938,0.9067665934562683,0.9891629219055176,0.9849263429641724,0.9912999272346497
301,0.03921389952301979,0.9520846605300903,0.9087768793106079,0.9894354939460754,0.985427975654602,0.9915611147880554
302,0.03980672359466553,0.9515936970710754,0.9079170227050781,0.988243818283081,0.9858420491218567,0.9913089871406555
303,0.043794456869363785,0.9466260075569153,0.8991724848747253,0.9868201017379761,0.9839880466461182,0.990207314491272
304,0.04598790407180786,0.9426301717758179,0.8938671946525574,0.9900285005569458,0.9772420525550842,0.9889381527900696
305,0.04195259511470795,0.9472819566726685,0.9007216691970825,0.9896644353866577,0.9834263920783997,0.9909520745277405
306,0.03835303336381912,0.9532168507575989,0.9107382893562317,0.9890638589859009,0.9867778420448303,0.9918983578681946
307,0.04350699856877327,0.946017861366272,0.8985325694084167,0.9873064160346985,0.9838402271270752,0.9903170466423035
308,0.039857812225818634,0.9519855380058289,0.9085639715194702,0.9892988204956055,0.9842791557312012,0.9911235570907593
309,0.03993780165910721,0.9507766962051392,0.9065995216369629,0.9887548089027405,0.9853792786598206,0.9913198947906494
310,0.04353926703333855,0.9469400644302368,0.8997445106506348,0.9862449169158936,0.9850045442581177,0.9903641939163208
311,0.04342392459511757,0.9459706544876099,0.8985280990600586,0.9878109693527222,0.9840630292892456,0.9905593991279602
312,0.04140075668692589,0.9489151835441589,0.9034703373908997,0.9890813231468201,0.9835923910140991,0.9908168911933899
313,0.04213668033480644,0.9473010301589966,0.9008048176765442,0.9889567494392395,0.9836854338645935,0.9908077120780945
314,0.04193303734064102,0.9479871988296509,0.9017977714538574,0.9902931451797485,0.9822938442230225,0.9907702207565308
315,0.038541436195373535,0.9523218870162964,0.9093179702758789,0.9888660311698914,0.9867318868637085,0.9918173551559448
316,0.04062746837735176,0.9500033259391785,0.9057008028030396,0.9900813102722168,0.9828476309776306,0.9908907413482666
317,0.03956826776266098,0.9513611793518066,0.9076653718948364,0.9891337156295776,0.9850882887840271,0.9913455843925476
318,0.039357446134090424,0.9521840214729309,0.9089787602424622,0.9889529943466187,0.9850866794586182,0.9912854433059692
319,0.04057688266038895,0.9502941370010376,0.9056919813156128,0.9890114665031433,0.9846716523170471,0.9911630153656006
320,0.03966683894395828,0.9520747065544128,0.9086732864379883,0.9889134764671326,0.9855586886405945,0.9914334416389465
321,0.04258266091346741,0.9466884732246399,0.8997227549552917,0.9878785610198975,0.9847295880317688,0.9908092617988586
322,0.04219558835029602,0.9473134279251099,0.9011359214782715,0.9896708726882935,0.9818278551101685,0.9904053807258606
323,0.04278641194105148,0.9473150968551636,0.9005130529403687,0.9874377846717834,0.9845797419548035,0.990612804889679
324,0.03887546807527542,0.9523932337760925,0.9095748662948608,0.989928662776947,0.9844506978988647,0.9913898706436157
325,0.03807593882083893,0.9534795880317688,0.9112900495529175,0.9898261427879333,0.9854016304016113,0.9916810393333435
326,0.038471635431051254,0.9527680277824402,0.9102176427841187,0.9886735677719116,0.986394464969635,0.9916389584541321
327,0.043170519173145294,0.9473620653152466,0.9007126092910767,0.9883220195770264,0.9819456934928894,0.990002453327179
328,0.04034110903739929,0.9507190585136414,0.9064961671829224,0.9884829521179199,0.9847082495689392,0.9910012483596802
329,0.04033280164003372,0.9498683214187622,0.9051913022994995,0.9883899688720703,0.9857325553894043,0.9913198947906494
330,0.04098866134881973,0.9476105570793152,0.9022523760795593,0.9892794489860535,0.9835985898971558,0.9908842444419861
331,0.04472111910581589,0.945393443107605,0.8972331285476685,0.9879112243652344,0.9822526574134827,0.989972710609436
332,0.04456900432705879,0.9447089433670044,0.8962265253067017,0.9877460598945618,0.9829993844032288,0.9901742339134216
333,0.04199422150850296,0.9475568532943726,0.9012320637702942,0.9863603711128235,0.986395537853241,0.990875244140625
334,0.038948118686676025,0.9513705372810364,0.9079688191413879,0.9907069802284241,0.984014630317688,0.9914970397949219
335,0.044478923082351685,0.9441859126091003,0.8951654434204102,0.9870118498802185,0.9844721555709839,0.9904356598854065
336,0.03814982622861862,0.9527072906494141,0.9101591110229492,0.9902859330177307,0.9852516055107117,0.99178147315979
337,0.044804707169532776,0.944863498210907,0.8964109420776367,0.9882009029388428,0.9815428853034973,0.9898242950439453
338,0.0392371229827404,0.9517887234687805,0.9084482192993164,0.9883254170417786,0.9860545992851257,0.9914082884788513
339,0.039859339594841,0.9487465023994446,0.9036260843276978,0.9895657300949097,0.9855990409851074,0.9916624426841736
340,0.03618709370493889,0.955392062664032,0.9148046374320984,0.9911856651306152,0.9857640266418457,0.9922534823417664
341,0.038285382091999054,0.9529690742492676,0.9107494354248047,0.9900813102722168,0.9846782684326172,0.9915180206298828
342,0.03640114516019821,0.9549899101257324,0.9141103029251099,0.9896477460861206,0.9870855808258057,0.9921960234642029
343,0.04019129276275635,0.9505302309989929,0.9061509966850281,0.989242672920227,0.984293520450592,0.9911099672317505
344,0.039061978459358215,0.9514939188957214,0.9082368612289429,0.9900095462799072,0.9842197299003601,0.9913374781608582
345,0.03690795972943306,0.9541088938713074,0.9126094579696655,0.9901583790779114,0.9864850640296936,0.9921602606773376
346,0.03962871804833412,0.9500325918197632,0.9057657122612,0.9888933897018433,0.9853362441062927,0.9913509488105774
347,0.03522324562072754,0.9565187692642212,0.9168648719787598,0.9907695651054382,0.9868939518928528,0.9925015568733215
348,0.04148509353399277,0.9492014050483704,0.9040249586105347,0.9882365465164185,0.9836418032646179,0.9905555844306946
349,0.03665737435221672,0.9547734260559082,0.9139599800109863,0.9898261427879333,0.9863026142120361,0.9919883608818054
350,0.03529983386397362,0.9567176699638367,0.917225182056427,0.9906272292137146,0.9865767955780029,0.992346465587616
351,0.03895469754934311,0.9516507983207703,0.9084227681159973,0.9900357127189636,0.984437108039856,0.9914205074310303
352,0.04173491522669792,0.9489744901657104,0.9037105441093445,0.987768828868866,0.9837520718574524,0.990439236164093
353,0.03908756375312805,0.9502609968185425,0.9062620401382446,0.9882563352584839,0.9868588447570801,0.9916590452194214
354,0.03746408224105835,0.9534573554992676,0.9115942716598511,0.9914161562919617,0.9839821457862854,0.9917195439338684
355,0.03470452502369881,0.9571468234062195,0.9180071949958801,0.9901989698410034,0.9880304932594299,0.9926995635032654
356,0.034281063824892044,0.9579167366027832,0.9193716049194336,0.9909002184867859,0.9874423146247864,0.9927314519882202
357,0.03729730099439621,0.9524985551834106,0.9103113412857056,0.9903356432914734,0.9859386086463928,0.9920324683189392
358,0.040850039571523666,0.9474178552627563,0.9022191166877747,0.9891006350517273,0.9836807250976562,0.990853488445282
359,0.038516201078891754,0.9524215459823608,0.909650981426239,0.9889476299285889,0.9856904745101929,0.9914896488189697
360,0.034689176827669144,0.9577456712722778,0.9190593957901001,0.9908539056777954,0.9867152571678162,0.992468535900116
361,0.03748808056116104,0.9533621668815613,0.9114363789558411,0.9902061820030212,0.9855795502662659,0.991867184638977
362,0.03604699671268463,0.9557226896286011,0.9154092669487,0.9895027279853821,0.9875115752220154,0.9922929406166077
363,0.03726464509963989,0.9529732465744019,0.9110323190689087,0.9903455376625061,0.9856701493263245,0.9919441342353821
364,0.040875159204006195,0.9480700492858887,0.9022684097290039,0.9887627959251404,0.984977662563324,0.9911854863166809
365,0.03618662804365158,0.9555152058601379,0.9152154922485352,0.9899597764015198,0.9866522550582886,0.9921516180038452
366,0.03450995683670044,0.9567670822143555,0.9174714088439941,0.9923158884048462,0.9859886169433594,0.992703378200531
367,0.03374985232949257,0.9588621258735657,0.9211203455924988,0.9907209873199463,0.9874023199081421,0.9926586151123047
368,0.03891606628894806,0.9507010579109192,0.906966507434845,0.9888003468513489,0.9857342839241028,0.9914559721946716
369,0.036706145852804184,0.9553044438362122,0.91468745470047,0.9891074895858765,0.9869589805603027,0.991974413394928
370,0.03637554123997688,0.9537290334701538,0.9122246503829956,0.9910186529159546,0.9861113429069519,0.9923169612884521
371,0.03625210002064705,0.9542731046676636,0.9129741787910461,0.9912494421005249,0.9860735535621643,0.9923802614212036
372,0.040474019944667816,0.9471805691719055,0.9011510014533997,0.9897084832191467,0.9848623275756836,0.991457998752594
373,0.03629923611879349,0.9550013542175293,0.9143125414848328,0.9887654185295105,0.9881306886672974,0.9922592043876648
374,0.03778805583715439,0.9515426754951477,0.9086679220199585,0.9906458258628845,0.9848790168762207,0.9917728304862976
375,0.03614888712763786,0.9551997184753418,0.9146755933761597,0.9906617999076843,0.9856873154640198,0.9920543432235718
376,0.03926468268036842,0.9488410949707031,0.9038832783699036,0.988615095615387,0.9871097207069397,0.9918628931045532
377,0.03741093724966049,0.9544299840927124,0.9132918119430542,0.9906967282295227,0.9843782186508179,0.9916182160377502
378,0.037331461906433105,0.953291118144989,0.9113019704818726,0.9886025786399841,0.9875576496124268,0.9920108914375305
379,0.03522132337093353,0.9577539563179016,0.9191444516181946,0.9908611178398132,0.9854370951652527,0.9920346736907959
380,0.040020912885665894,0.9497156143188477,0.9053584933280945,0.9885220527648926,0.9854777455329895,0.9912766814231873
381,0.035852979868650436,0.9551736116409302,0.914677619934082,0.9904631972312927,0.9865877032279968,0.9922959804534912
382,0.037363193929195404,0.9501091837882996,0.9066697955131531,0.9896894693374634,0.9874779582023621,0.9923432469367981
383,0.034232597798109055,0.9577130079269409,0.9192179441452026,0.9924700260162354,0.9851647615432739,0.9924723505973816
384,0.03624401241540909,0.9535623788833618,0.9120252728462219,0.9892726540565491,0.9882420301437378,0.9924648404121399
385,0.03306697681546211,0.9593079686164856,0.9220821261405945,0.9925129413604736,0.9859132766723633,0.992742657661438
386,0.03513111546635628,0.9546577334403992,0.9141722917556763,0.9895604252815247,0.9884830117225647,0.992641806602478
387,0.03564765676856041,0.9547966122627258,0.9142651557922363,0.990388035774231,0.9870256781578064,0.9924203157424927
388,0.03481264039874077,0.9559915661811829,0.9161846041679382,0.9904392957687378,0.9876869916915894,0.9926623106002808
389,0.03622857853770256,0.9539650082588196,0.912972629070282,0.9916336536407471,0.98489910364151,0.9921054840087891
390,0.03310372680425644,0.9589470028877258,0.921523928642273,0.9903181791305542,0.9883126616477966,0.9928348660469055
391,0.03497689589858055,0.9551147222518921,0.9152619242668152,0.9903595447540283,0.9873454570770264,0.992519736289978
392,0.037211425602436066,0.95262211561203,0.9102061986923218,0.9905892610549927,0.9858158826828003,0.9920743107795715
393,0.036855895072221756,0.951785683631897,0.9092531204223633,0.9896264672279358,0.9875707030296326,0.9923539757728577
394,0.03328070789575577,0.9587289690971375,0.921049952507019,0.9920053482055664,0.9867315888404846,0.9928545355796814
395,0.033301740884780884,0.9583409428596497,0.9203556776046753,0.9907437562942505,0.9881500005722046,0.992920458316803
396,0.032390791922807693,0.9597622156143188,0.9229050874710083,0.99173504114151,0.9877077341079712,0.9930979609489441
397,0.0376899354159832,0.9517626762390137,0.9089305996894836,0.9886575937271118,0.987353503704071,0.9919597506523132
398,0.04007373005151749,0.9495170712471008,0.9046333432197571,0.9879028797149658,0.9866708517074585,0.9914783239364624
399,0.03701869770884514,0.951882541179657,0.9094306230545044,0.9909355044364929,0.9854143857955933,0.9920514225959778
400,0.03212551027536392,0.960034191608429,0.9234228134155273,0.9924430847167969,0.9869410991668701,0.9930707216262817
401,0.034079767763614655,0.9570802450180054,0.9181655645370483,0.9901595115661621,0.9882314205169678,0.9927547574043274
402,0.03111131489276886,0.9613672494888306,0.9257720112800598,0.9923485517501831,0.988064706325531,0.9934224486351013
403,0.03290463238954544,0.9591758847236633,0.9218470454216003,0.9921556711196899,0.9865346550941467,0.9928370118141174
404,0.03235204145312309,0.9601311683654785,0.9235125780105591,0.9902703762054443,0.9891295433044434,0.9930961728096008
405,0.03622342273592949,0.9515334367752075,0.9093822240829468,0.9907430410385132,0.9866734743118286,0.9924176335334778
406,0.03264693543314934,0.9590233564376831,0.921625018119812,0.9919556379318237,0.9874099493026733,0.9930694699287415
407,0.031932517886161804,0.9591315984725952,0.9219316244125366,0.9911940693855286,0.9892662167549133,0.9934484958648682
408,0.03241230547428131,0.9594032168388367,0.922389805316925,0.9912183284759521,0.9880079030990601,0.9930291771888733
409,0.033018551766872406,0.9587293863296509,0.9211221933364868,0.9915945529937744,0.986972987651825,0.9928011298179626
410,0.03265697509050369,0.9600470662117004,0.9234696626663208,0.9906124472618103,0.9878270626068115,0.9927672147750854
411,0.032729387283325195,0.9587440490722656,0.9210872650146484,0.9910186529159546,0.9883193373680115,0.9930689334869385
412,0.030235713347792625,0.9631122350692749,0.928943932056427,0.9921545386314392,0.9883052706718445,0.9934400916099548
413,0.03348167985677719,0.9575735926628113,0.9191235303878784,0.9911021590232849,0.9877343773841858,0.9928976893424988
414,0.035846881568431854,0.9531300663948059,0.9118691682815552,0.989753246307373,0.9876456260681152,0.9924213290214539
415,0.03228512406349182,0.9590239524841309,0.9216745495796204,0.9914385080337524,0.9882225394248962,0.9931749701499939
416,0.033710721880197525,0.9568851590156555,0.9179056882858276,0.9913979172706604,0.9874175190925598,0.9928876161575317
417,0.03789570555090904,0.9513804316520691,0.9086121320724487,0.9892209768295288,0.9863208532333374,0.9917947053909302
418,0.03601010888814926,0.9554824829101562,0.9153076410293579,0.9899275302886963,0.9865532517433167,0.9921072721481323
419,0.030517298728227615,0.9635084271430969,0.9296480417251587,0.9912080764770508,0.9881528615951538,0.9930750727653503
420,0.0334320142865181,0.9592515826225281,0.9218705296516418,0.9905498027801514,0.9878199696540833,0.9927440881729126
421,0.037305496633052826,0.9497682452201843,0.9065607190132141,0.9912236332893372,0.9847926497459412,0.9919338226318359
422,0.03219226002693176,0.9597724080085754,0.9229116439819336,0.9911336898803711,0.9886440634727478,0.9932173490524292
423,0.037087634205818176,0.9498485326766968,0.9081851243972778,0.9894142746925354,0.9856613278388977,0.9916337132453918
424,0.03322476148605347,0.9579993486404419,0.919803261756897,0.9916105270385742,0.9875142574310303,0.9929908514022827
425,0.03203815966844559,0.9613625407218933,0.9257789850234985,0.9915182590484619,0.9869015216827393,0.9927515387535095
426,0.03713962063193321,0.9521656036376953,0.9095109701156616,0.988018274307251,0.988982081413269,0.992300271987915
427,0.03186936303973198,0.959662139415741,0.9228455424308777,0.9925072193145752,0.9871718883514404,0.9931706786155701
428,0.03173583745956421,0.9588814973831177,0.9216968417167664,0.9916101098060608,0.9887688755989075,0.993417501449585
429,0.03179701417684555,0.9598484039306641,0.9232084155082703,0.9915493726730347,0.9883954524993896,0.9932705163955688
430,0.030991122126579285,0.9606709480285645,0.9247506260871887,0.9914924502372742,0.9889371395111084,0.9934356808662415
431,0.030058974400162697,0.9629249572753906,0.9287118911743164,0.9925186634063721,0.987934947013855,0.9934345483779907
432,0.030891556292772293,0.9623749852180481,0.9277087450027466,0.9902141690254211,0.9889398813247681,0.9930132627487183
433,0.034246496856212616,0.9533878564834595,0.9133102297782898,0.991612434387207,0.9866991639137268,0.9927136898040771
434,0.033133480697870255,0.95771723985672,0.9197943806648254,0.9917707443237305,0.986720621585846,0.9927732944488525
435,0.029482033103704453,0.9636299014091492,0.929938018321991,0.9908542633056641,0.9903196096420288,0.9936927556991577
436,0.03198310732841492,0.9595950841903687,0.9228205680847168,0.9911974668502808,0.9881516098976135,0.9930711388587952
437,0.0305828545242548,0.9605487585067749,0.9249042272567749,0.9920566082000732,0.9888255000114441,0.9935845732688904
438,0.03146214038133621,0.9609643220901489,0.9252125024795532,0.991441547870636,0.9881702065467834,0.993158221244812
439,0.03189464285969734,0.9586504101753235,0.9214301109313965,0.9916127920150757,0.988226056098938,0.993233859539032
440,0.030483955517411232,0.9621909260749817,0.9273791313171387,0.9912923574447632,0.9890990257263184,0.9934243559837341
441,0.029429417103528976,0.9639374017715454,0.9305583238601685,0.9919043779373169,0.9888848066329956,0.9935542941093445
442,0.0314524844288826,0.9600347280502319,0.9235565066337585,0.9915334582328796,0.9887193441390991,0.9933752417564392
443,0.0324772484600544,0.9569430351257324,0.9187539219856262,0.9921720027923584,0.9878067970275879,0.9932762384414673
444,0.03049544431269169,0.9628880620002747,0.928594708442688,0.9910919070243835,0.9888918995857239,0.9932876825332642
445,0.029338214546442032,0.9631244540214539,0.9291297793388367,0.9918052554130554,0.9895747900009155,0.9937556982040405
446,0.03374890238046646,0.9577293395996094,0.9196690320968628,0.9897733926773071,0.9881561398506165,0.9926013946533203
447,0.02885059081017971,0.9650328755378723,0.9325146675109863,0.9924696683883667,0.9882024526596069,0.9935094118118286
448,0.029611090198159218,0.9632822871208191,0.9294384121894836,0.9920854568481445,0.9886136651039124,0.9935221076011658
449,0.03224815055727959,0.9584780931472778,0.9211004972457886,0.9911515116691589,0.9886026978492737,0.993209183216095
450,0.03045615553855896,0.9615928530693054,0.9263491630554199,0.9911500215530396,0.9895968437194824,0.9935460686683655
451,0.028258314356207848,0.9654331207275391,0.9332877993583679,0.991740345954895,0.9898031949996948,0.9938116669654846
452,0.030186662450432777,0.9630225896835327,0.9288283586502075,0.9919715523719788,0.9881442785263062,0.9933248162269592
453,0.028529783710837364,0.9642363786697388,0.9312061071395874,0.9925782680511475,0.9893985986709595,0.9939520359039307
454,0.031988419592380524,0.9581744074821472,0.9205530881881714,0.9915926456451416,0.9884169101715088,0.9932920932769775
455,0.03090054728090763,0.9607946276664734,0.9250763654708862,0.9915995001792908,0.9885378479957581,0.993335485458374
456,0.029482921585440636,0.9632229804992676,0.9293308258056641,0.99173504114151,0.9894042611122131,0.9936745762825012
457,0.03259190917015076,0.9574993252754211,0.9194799661636353,0.990960955619812,0.9887338280677795,0.9931906461715698
458,0.02976761758327484,0.9634950757026672,0.9297301173210144,0.9918675422668457,0.9887552857398987,0.9934980869293213
459,0.03043222427368164,0.9604994654655457,0.9247894287109375,0.9913421273231506,0.9895924925804138,0.9936082363128662
460,0.03188946098089218,0.957892894744873,0.9203826189041138,0.9926648139953613,0.9870322942733765,0.9931751489639282
461,0.031766168773174286,0.9586676359176636,0.9215520024299622,0.9894492030143738,0.9906078577041626,0.9933241605758667
462,0.02831464447081089,0.9647914171218872,0.932258129119873,0.9934138655662537,0.9882042407989502,0.993822455406189
463,0.029000353068113327,0.9648462533950806,0.932185173034668,0.9913652539253235,0.9896636009216309,0.9936400055885315
464,0.03226675093173981,0.957892119884491,0.9202827215194702,0.9911389946937561,0.9880005717277527,0.9930003881454468
465,0.027971696108579636,0.965678870677948,0.9338057637214661,0.991176187992096,0.9904208183288574,0.9938337802886963
466,0.027825266122817993,0.965661346912384,0.9337855577468872,0.9932794570922852,0.9884158372879028,0.99385005235672
467,0.028788354247808456,0.9639824032783508,0.9308168292045593,0.9921120405197144,0.9893550872802734,0.9937828183174133
468,0.027334878221154213,0.9661054611206055,0.9345835447311401,0.9915770888328552,0.9908796548843384,0.9941220879554749
469,0.028354506939649582,0.9662061929702759,0.9347214698791504,0.9920000433921814,0.9882664680480957,0.9933757781982422
470,0.028481295332312584,0.9646725654602051,0.9321092367172241,0.9917126297950745,0.9893763065338135,0.9936577081680298
471,0.031950633972883224,0.9611762762069702,0.9255133867263794,0.9903743863105774,0.9888573288917542,0.9930382966995239
472,0.029990244656801224,0.9607995748519897,0.9254436492919922,0.9921860694885254,0.9886656999588013,0.9935731291770935
473,0.028461504727602005,0.9639478921890259,0.9307649731636047,0.9925376176834106,0.989313542842865,0.9939097166061401
474,0.029626915231347084,0.9623976945877075,0.9280166625976562,0.9912707209587097,0.9897781610488892,0.9936475157737732
475,0.02896776795387268,0.9631541967391968,0.9293600916862488,0.9922999739646912,0.9891477823257446,0.9937746524810791
476,0.0300577525049448,0.9607447385787964,0.9253531694412231,0.9909024834632874,0.9899553656578064,0.993585467338562
477,0.028453707695007324,0.9653946757316589,0.9332563281059265,0.9923549890518188,0.9885494709014893,0.9935895204544067
478,0.027908330783247948,0.9659711718559265,0.9342764616012573,0.991817831993103,0.9897852540016174,0.9938312768936157
479,0.029381904751062393,0.962593674659729,0.9284683465957642,0.9927149415016174,0.9884511828422546,0.9936752319335938
480,0.02810104750096798,0.9648000597953796,0.9322916269302368,0.9913014769554138,0.9905444979667664,0.9939172267913818
481,0.027265572920441628,0.9661874771118164,0.934799075126648,0.9926207661628723,0.9894630312919617,0.993988037109375
482,0.028054121881723404,0.9645556211471558,0.9319601058959961,0.9928101897239685,0.9889748692512512,0.9938849210739136
483,0.02989875338971615,0.9607419967651367,0.9252557754516602,0.9913428425788879,0.990143358707428,0.9937951564788818
484,0.029103854671120644,0.9624212980270386,0.9282416105270386,0.9914772510528564,0.9899157285690308,0.9937626123428345
485,0.028238419443368912,0.9638391733169556,0.9307326078414917,0.9931754469871521,0.9886686205863953,0.9939016699790955
486,0.02809618040919304,0.9646621942520142,0.9321355819702148,0.9914491772651672,0.9903880953788757,0.9939132928848267
487,0.029451509937644005,0.9608937501907349,0.9256378412246704,0.9918068051338196,0.9900375604629517,0.9939131140708923
488,0.02772524580359459,0.9658848643302917,0.9342135190963745,0.9921086430549622,0.9896187782287598,0.9938711524009705
489,0.028746474534273148,0.9647098779678345,0.9320465922355652,0.9925019145011902,0.9884143471717834,0.9935922026634216
490,0.029184291139245033,0.963473916053772,0.9297107458114624,0.990594208240509,0.9907777309417725,0.993761420249939
491,0.029275748878717422,0.9616775512695312,0.9267646074295044,0.993017852306366,0.9887558221817017,0.9938791990280151
492,0.029191484674811363,0.9628650546073914,0.9287139177322388,0.9913694262504578,0.9902859330177307,0.9938522577285767
493,0.02788105607032776,0.9645929336547852,0.9321724772453308,0.9929636120796204,0.9888389110565186,0.9938895106315613
494,0.028976475819945335,0.9629052877426147,0.9292170405387878,0.9916704893112183,0.9895778894424438,0.9937121272087097
495,0.027177628129720688,0.9659668207168579,0.9345968961715698,0.9918420910835266,0.9902642369270325,0.9940016269683838
496,0.026774059981107712,0.9673775434494019,0.9369463920593262,0.9923094511032104,0.9896706938743591,0.9939553737640381
497,0.028969328850507736,0.96441650390625,0.9314965009689331,0.9912031292915344,0.990084171295166,0.993728756904602
498,0.03243257477879524,0.9580854177474976,0.920261561870575,0.9906010031700134,0.9894053936004639,0.9932992458343506
499,0.028128746896982193,0.9655886888504028,0.933740496635437,0.9926465749740601,0.9884328246116638,0.9936463832855225
